"COMPANY","ITEM CODE","ITEM DESCRIPTION","SUPPLIER CODE","SUPPLIER NAME","REV","QTY","HSN","TRIGGER DT","DUE DT","LOT NO","PO NO","WAREHOUSE","TRIGGER TYPE","ASN","DUE MONTH"
"ELGI-HO","'035305428","AOS TANK INTL","SU1E00451","ELGI EQUIPMENTS LIMITED - PVD ","R00   ","1","84149019","16-DEC-2025","","969160","         ","","Non-lean","","DEC-25"
"ELGI-HO","'015402651","OIL FILL PLUG - 1INCH BSP","SU1E00451","ELGI EQUIPMENTS LIMITED - PVD ","R02   ","9","84149019","15-DEC-2025","30-JAN-2026","968801","         ","","Non-lean","","FEB-26"
"ELGI-HO","'020378910","AIR RECEIVER 420L SS10 M","SU1E00451","ELGI EQUIPMENTS LIMITED - PVD ","R03   ","1","73110090","25-NOV-2025","28-NOV-2025","1738295","ARC015039","RCD - RAWMATEIRAL              [353]","Lean","",""
"ELGI-HO","'015315217","AIR RECEIVER TANK 500L V3 SPVD","SU1E00451","ELGI EQUIPMENTS LIMITED - PVD ","R03   ","1","73110090","25-NOV-2025","27-NOV-2025","1738128","AAC015012","F.G TRADED PARTS - ROCD        [246]","Lean","",""
"ELGI-HO","'015315217","AIR RECEIVER TANK 500L V3 SPVD","SU1E00451","ELGI EQUIPMENTS LIMITED - PVD ","R03   ","1","73110090","22-NOV-2025","25-NOV-2025","1736583","AAC015012","F.G TRADED PARTS - ROCD        [246]","Lean","",""
"ELGI-HO","'015315217","AIR RECEIVER TANK 500L V3 SPVD","SU1E00451","ELGI EQUIPMENTS LIMITED - PVD ","R03   ","1","73110090","22-NOV-2025","25-NOV-2025","1736580","AAC015012","F.G TRADED PARTS - ROCD        [246]","Lean","",""
"ELGI-HO","'015315217","AIR RECEIVER TANK 500L V3 SPVD","SU1E00451","ELGI EQUIPMENTS LIMITED - PVD ","R03   ","1","73110090","22-NOV-2025","25-NOV-2025","1736584","AAC015012","F.G TRADED PARTS - ROCD        [246]","Lean","",""
"ELGI-HO","'015315217","AIR RECEIVER TANK 500L V3 SPVD","SU1E00451","ELGI EQUIPMENTS LIMITED - PVD ","R03   ","1","73110090","22-NOV-2025","25-NOV-2025","1736585","AAC015012","F.G TRADED PARTS - ROCD        [246]","Lean","",""
"ELGI-HO","'015315217","AIR RECEIVER TANK 500L V3 SPVD","SU1E00451","ELGI EQUIPMENTS LIMITED - PVD ","R03   ","1","73110090","22-NOV-2025","25-NOV-2025","1736582","AAC015012","F.G TRADED PARTS - ROCD        [246]","Lean","",""
"ELGI-HO","'015315217","AIR RECEIVER TANK 500L V3 SPVD","SU1E00451","ELGI EQUIPMENTS LIMITED - PVD ","R03   ","1","73110090","22-NOV-2025","25-NOV-2025","1736581","AAC015012","F.G TRADED PARTS - ROCD        [246]","Lean","",""
"ELGI-HO","'015323667","AOS TANK EG 75 -CRN","SU1E00451","ELGI EQUIPMENTS LIMITED - PVD ","R01   ","1","84149090","03-NOV-2025","24-MAR-2026","938477","230334554","ROCD - RAWMATEIRAL             [253]","Non-lean","","MAR-26"
"ELGI-HO","'02038047A","AIR REC ASSY, TS10LD AUS 500L","SU1E00451","ELGI EQUIPMENTS LIMITED - PVD ","R03   ","1","84149019","07-DEC-2025","24-DEC-2025","965987","330035937","RCD - RAWMATEIRAL              [353]","Non-lean","","DEC-25"
"ELGI-HO","'015322540","AIR OIL SEPARATOR TANK","SU1E00451","ELGI EQUIPMENTS LIMITED - PVD ","R00   ","1","84149019","06-NOV-2025","23-MAR-2026","943628","230334554","ROCD - RAWMATEIRAL             [253]","Non-lean","","MAR-26"
"ELGI-HO","'015322540","AIR OIL SEPARATOR TANK","SU1E00451","ELGI EQUIPMENTS LIMITED - PVD ","R00   ","2","84149019","03-NOV-2025","23-JAN-2026","937501","230334554","ROCD - RAWMATEIRAL             [253]","Non-lean","","JAN-26"
"ELGI-HO","'035305428","AOS TANK INTL","SU1E00451","ELGI EQUIPMENTS LIMITED - PVD ","R00   ","1","84149019","15-DEC-2025","22-DEC-2025","968824","         ","","Non-lean","","FEB-26"
"ELGI-HO","'015402651","OIL FILL PLUG - 1INCH BSP","SU1E00451","ELGI EQUIPMENTS LIMITED - PVD ","R02   ","8","84149019","15-DEC-2025","22-DEC-2025","968695","         ","","Non-lean","","JAN-26"
"ELGI-HO","'035305428","AOS TANK INTL","SU1E00451","ELGI EQUIPMENTS LIMITED - PVD ","R00   ","1","84149019","16-DEC-2025","22-DEC-2025","969269","         ","","Non-lean","","JAN-26"
"ELGI-HO","'015402651","OIL FILL PLUG - 1INCH BSP","SU1E00451","ELGI EQUIPMENTS LIMITED - PVD ","R02   ","2","84149019","16-DEC-2025","22-DEC-2025","969129","         ","","Non-lean","","DEC-25"
"ELGI-HO","'015315218","AIR RECEIVER TANK 500L V3 ASME","SU1E00451","ELGI EQUIPMENTS LIMITED - PVD ","R02   ","1","73:11:00.90","15-DEC-2025","20-JAN-2026","968693","         ","","Non-lean","","JAN-26"
"ELGI-HO","'020376420","REC AIR 500L TS10 DCI","SU1E00451","ELGI EQUIPMENTS LIMITED - PVD ","R05   ","1","73110090","03-DEC-2025","19-DEC-2025","964591","330035937","RCD - RAWMATEIRAL              [353]","Non-lean","401657639","DEC-25"
"ELGI-HO","'020230030","REC AIR 420L TS10120 HT","SU1E00451","ELGI EQUIPMENTS LIMITED - PVD ","R07   ","1","73110090","16-DEC-2025","19-DEC-2025","1759583","ARC015039","RCD - RAWMATEIRAL              [353]","Lean","",""
"ELGI-HO","'020230030","REC AIR 420L TS10120 HT","SU1E00451","ELGI EQUIPMENTS LIMITED - PVD ","R07   ","1","73110090","16-DEC-2025","19-DEC-2025","1760006","ARC015039","RCD - RAWMATEIRAL              [353]","Lean","",""
"ELGI-HO","'020230030","REC AIR 420L TS10120 HT","SU1E00451","ELGI EQUIPMENTS LIMITED - PVD ","R07   ","1","73110090","16-DEC-2025","19-DEC-2025","1759584","ARC015039","RCD - RAWMATEIRAL              [353]","Lean","",""
"ELGI-HO","'020230030","REC AIR 420L TS10120 HT","SU1E00451","ELGI EQUIPMENTS LIMITED - PVD ","R07   ","1","73110090","16-DEC-2025","19-DEC-2025","1759585","ARC015039","RCD - RAWMATEIRAL              [353]","Lean","",""
"ELGI-HO","'020230030","REC AIR 420L TS10120 HT","SU1E00451","ELGI EQUIPMENTS LIMITED - PVD ","R07   ","1","73110090","16-DEC-2025","19-DEC-2025","1760005","ARC015039","RCD - RAWMATEIRAL              [353]","Lean","",""
"ELGI-HO","'015324218","AOS TANK F5-F6 SUPER PREMIUM","SU1E00451","ELGI EQUIPMENTS LIMITED - PVD ","R03   ","1","84149019","17-DEC-2025","19-DEC-2025","1760907","AEP017080","ROCD - RAWMATEIRAL             [253]","Lean","",""
"ELGI-HO","'020377890","AIR RECEIVER 500 L, 15 BAR","SU1E00451","ELGI EQUIPMENTS LIMITED - PVD ","R01   ","1","73:11:00.00","16-DEC-2025","19-DEC-2025","1760017","ARC015039","RCD - RAWMATEIRAL              [353]","Lean","",""
"ELGI-HO","'020377890","AIR RECEIVER 500 L, 15 BAR","SU1E00451","ELGI EQUIPMENTS LIMITED - PVD ","R01   ","1","73:11:00.00","16-DEC-2025","19-DEC-2025","1760018","ARC015039","RCD - RAWMATEIRAL              [353]","Lean","",""
"ELGI-HO","'020370570","AIR RECEIVER 220 LITRES OF","SU1E00451","ELGI EQUIPMENTS LIMITED - PVD ","R12   ","1","73110090","16-DEC-2025","19-DEC-2025","1759594","ARC015039","RCD - RAWMATEIRAL              [353]","Lean","",""
"ELGI-HO","'020377890","AIR RECEIVER 500 L, 15 BAR","SU1E00451","ELGI EQUIPMENTS LIMITED - PVD ","R01   ","1","73:11:00.00","16-DEC-2025","19-DEC-2025","1760016","ARC015039","RCD - RAWMATEIRAL              [353]","Lean","",""
"ELGI-HO","'020377890","AIR RECEIVER 500 L, 15 BAR","SU1E00451","ELGI EQUIPMENTS LIMITED - PVD ","R01   ","1","73:11:00.00","16-DEC-2025","19-DEC-2025","1759617","ARC015039","RCD - RAWMATEIRAL              [353]","Lean","",""
"ELGI-HO","'02038156A","AIR REC ASSY - TS05/07 LD EUR","SU1E00451","ELGI EQUIPMENTS LIMITED - PVD ","R02   ","1","84149019","16-DEC-2025","19-DEC-2025","1759625","ARC015039","RCD - RAWMATEIRAL              [353]","Lean","",""
"ELGI-HO","'020370570","AIR RECEIVER 220 LITRES OF","SU1E00451","ELGI EQUIPMENTS LIMITED - PVD ","R12   ","1","73110090","16-DEC-2025","19-DEC-2025","1759595","ARC015039","RCD - RAWMATEIRAL              [353]","Lean","",""
"ELGI-HO","'020230030","REC AIR 420L TS10120 HT","SU1E00451","ELGI EQUIPMENTS LIMITED - PVD ","R07   ","1","73110090","16-DEC-2025","19-DEC-2025","1760003","ARC015039","RCD - RAWMATEIRAL              [353]","Lean","",""
"ELGI-HO","'020370570","AIR RECEIVER 220 LITRES OF","SU1E00451","ELGI EQUIPMENTS LIMITED - PVD ","R12   ","1","73110090","16-DEC-2025","19-DEC-2025","1759596","ARC015039","RCD - RAWMATEIRAL              [353]","Lean","",""
"ELGI-HO","'02038156A","AIR REC ASSY - TS05/07 LD EUR","SU1E00451","ELGI EQUIPMENTS LIMITED - PVD ","R02   ","1","84149019","16-DEC-2025","19-DEC-2025","1759626","ARC015039","RCD - RAWMATEIRAL              [353]","Lean","",""
"ELGI-HO","'020230030","REC AIR 420L TS10120 HT","SU1E00451","ELGI EQUIPMENTS LIMITED - PVD ","R07   ","1","73110090","16-DEC-2025","19-DEC-2025","1760004","ARC015039","RCD - RAWMATEIRAL              [353]","Lean","",""
"ELGI-HO","'020377890","AIR RECEIVER 500 L, 15 BAR","SU1E00451","ELGI EQUIPMENTS LIMITED - PVD ","R01   ","1","73:11:00.00","16-DEC-2025","19-DEC-2025","1760019","ARC015039","RCD - RAWMATEIRAL              [353]","Lean","",""
"ELGI-HO","'020377890","AIR RECEIVER 500 L, 15 BAR","SU1E00451","ELGI EQUIPMENTS LIMITED - PVD ","R01   ","1","73:11:00.00","16-DEC-2025","19-DEC-2025","1760015","ARC015039","RCD - RAWMATEIRAL              [353]","Lean","",""
"ELGI-HO","'020230030","REC AIR 420L TS10120 HT","SU1E00451","ELGI EQUIPMENTS LIMITED - PVD ","R07   ","1","73110090","16-DEC-2025","19-DEC-2025","1760007","ARC015039","RCD - RAWMATEIRAL              [353]","Lean","",""
"ELGI-HO","'020377890","AIR RECEIVER 500 L, 15 BAR","SU1E00451","ELGI EQUIPMENTS LIMITED - PVD ","R01   ","1","73:11:00.00","16-DEC-2025","19-DEC-2025","1759616","ARC015039","RCD - RAWMATEIRAL              [353]","Lean","",""
"ELGI-HO","'015315217","AIR RECEIVER TANK 500L V3 SPVD","SU1E00451","ELGI EQUIPMENTS LIMITED - PVD ","R03   ","1","73110090","14-NOV-2025","18-NOV-2025","1729888","AAC015012","F.G TRADED PARTS - ROCD        [246]","Lean","",""
"ELGI-HO","'015315217","AIR RECEIVER TANK 500L V3 SPVD","SU1E00451","ELGI EQUIPMENTS LIMITED - PVD ","R03   ","1","73110090","15-NOV-2025","18-NOV-2025","1730477","AAC015012","F.G TRADED PARTS - ROCD        [246]","Lean","",""
"ELGI-HO","'015315217","AIR RECEIVER TANK 500L V3 SPVD","SU1E00451","ELGI EQUIPMENTS LIMITED - PVD ","R03   ","1","73110090","14-NOV-2025","18-NOV-2025","1729889","AAC015012","F.G TRADED PARTS - ROCD        [246]","Lean","",""
"ELGI-HO","'015315217","AIR RECEIVER TANK 500L V3 SPVD","SU1E00451","ELGI EQUIPMENTS LIMITED - PVD ","R03   ","1","73110090","14-NOV-2025","18-NOV-2025","1729293","AAC015012","F.G TRADED PARTS - ROCD        [246]","Lean","",""
"ELGI-HO","'015315217","AIR RECEIVER TANK 500L V3 SPVD","SU1E00451","ELGI EQUIPMENTS LIMITED - PVD ","R03   ","1","73110090","14-NOV-2025","18-NOV-2025","1729292","AAC015012","F.G TRADED PARTS - ROCD        [246]","Lean","",""
"ELGI-HO","'015315217","AIR RECEIVER TANK 500L V3 SPVD","SU1E00451","ELGI EQUIPMENTS LIMITED - PVD ","R03   ","1","73110090","14-NOV-2025","18-NOV-2025","1729887","AAC015012","F.G TRADED PARTS - ROCD        [246]","Lean","",""
"ELGI-HO","'015315217","AIR RECEIVER TANK 500L V3 SPVD","SU1E00451","ELGI EQUIPMENTS LIMITED - PVD ","R03   ","1","73110090","14-NOV-2025","18-NOV-2025","1729294","AAC015012","F.G TRADED PARTS - ROCD        [246]","Lean","",""
"ELGI-HO","'015315217","AIR RECEIVER TANK 500L V3 SPVD","SU1E00451","ELGI EQUIPMENTS LIMITED - PVD ","R03   ","1","73110090","15-NOV-2025","18-NOV-2025","1730478","AAC015012","F.G TRADED PARTS - ROCD        [246]","Lean","",""
"ELGI-HO","'015314209","AIR RECEIVER TANK 270_V3 SPVD","SU1E00451","ELGI EQUIPMENTS LIMITED - PVD ","R03   ","1","73110090","16-DEC-2025","18-DEC-2025","1759211","AAC015012","ROCD - RAWMATEIRAL             [253]","Lean","",""
"ELGI-HO","'015324218","AOS TANK F5-F6 SUPER PREMIUM","SU1E00451","ELGI EQUIPMENTS LIMITED - PVD ","R03   ","1","84149019","16-DEC-2025","18-DEC-2025","1760257","AEP017080","ROCD - RAWMATEIRAL             [253]","Lean","",""
"ELGI-HO","'015321133","AOS TANK EG22 - CRN","SU1E00451","ELGI EQUIPMENTS LIMITED - PVD ","R00   ","1","73110090","15-DEC-2025","18-DEC-2025","1758056","AEP017080","ROCD - RAWMATEIRAL             [253]","Lean","",""
"ELGI-HO","'015318148","SEPARATOR TANK ASSY UNIQUE 500","SU1E00451","ELGI EQUIPMENTS LIMITED - PVD ","R08   ","1","73110090","16-DEC-2025","18-DEC-2025","1760559","AEP017080","ROCD - RAWMATEIRAL             [253]","Lean","",""
"ELGI-HO","'015324218","AOS TANK F5-F6 SUPER PREMIUM","SU1E00451","ELGI EQUIPMENTS LIMITED - PVD ","R03   ","1","84149019","16-DEC-2025","18-DEC-2025","1760256","AEP017080","ROCD - RAWMATEIRAL             [253]","Lean","",""
"ELGI-HO","'015318148","SEPARATOR TANK ASSY UNIQUE 500","SU1E00451","ELGI EQUIPMENTS LIMITED - PVD ","R08   ","1","73110090","16-DEC-2025","18-DEC-2025","1760558","AEP017080","ROCD - RAWMATEIRAL             [253]","Lean","",""
"ELGI-HO","'015314209","AIR RECEIVER TANK 270_V3 SPVD","SU1E00451","ELGI EQUIPMENTS LIMITED - PVD ","R03   ","1","73110090","16-DEC-2025","18-DEC-2025","1759206","AAC015012","ROCD - RAWMATEIRAL             [253]","Lean","",""
"ELGI-HO","'035305257","SUB-ASSY SEPARATOR TANK-PG 430","SU1E00451","ELGI EQUIPMENTS LIMITED - PVD ","R02   ","1","73110090","16-DEC-2025","18-DEC-2025","1760367","ADP015052","DPSAC - RM WAREHOUSE           [212]","Lean","401658530",""
"ELGI-HO","'020230030","REC AIR 420L TS10120 HT","SU1E00451","ELGI EQUIPMENTS LIMITED - PVD ","R07   ","1","73110090","15-DEC-2025","18-DEC-2025","1759170","ARC015039","RCD - RAWMATEIRAL              [353]","Lean","",""
"ELGI-HO","'015317035","AOS TANK EG22 - U STAMP","SU1E00451","ELGI EQUIPMENTS LIMITED - PVD ","R00   ","1","73110090","16-DEC-2025","18-DEC-2025","1759434","AEP017080","ROCD - RAWMATEIRAL             [253]","Lean","",""
"ELGI-HO","'015315666","AOS TANK EG-22","SU1E00451","ELGI EQUIPMENTS LIMITED - PVD ","R06   ","1","84:14:90.19","17-DEC-2025","18-DEC-2025","1760895","AEP017080","ROCD - RAWMATEIRAL             [253]","Lean","",""
"ELGI-HO","'015318382","AOS TANK EG22-45KW","SU1E00451","ELGI EQUIPMENTS LIMITED - PVD ","R00   ","1","73110090","16-DEC-2025","18-DEC-2025","1759444","AEP017080","ROCD - RAWMATEIRAL             [253]","Lean","",""
"ELGI-HO","'015321133","AOS TANK EG22 - CRN","SU1E00451","ELGI EQUIPMENTS LIMITED - PVD ","R00   ","1","73110090","15-DEC-2025","18-DEC-2025","1758506","AEP017080","ROCD - RAWMATEIRAL             [253]","Lean","",""
"ELGI-HO","'015315666","AOS TANK EG-22","SU1E00451","ELGI EQUIPMENTS LIMITED - PVD ","R06   ","1","84:14:90.19","17-DEC-2025","18-DEC-2025","1760896","AEP017080","ROCD - RAWMATEIRAL             [253]","Lean","",""
"ELGI-HO","'015318148","SEPARATOR TANK ASSY UNIQUE 500","SU1E00451","ELGI EQUIPMENTS LIMITED - PVD ","R08   ","1","73110090","16-DEC-2025","18-DEC-2025","1759228","AEP017080","ROCD - RAWMATEIRAL             [253]","Lean","",""
"ELGI-HO","'015315217","AIR RECEIVER TANK 500L V3 SPVD","SU1E00451","ELGI EQUIPMENTS LIMITED - PVD ","R03   ","1","73110090","16-DEC-2025","18-DEC-2025","1759213","AAC015012","F.G TRADED PARTS - ROCD        [246]","Lean","",""
"ELGI-HO","'015314209","AIR RECEIVER TANK 270_V3 SPVD","SU1E00451","ELGI EQUIPMENTS LIMITED - PVD ","R03   ","1","73110090","16-DEC-2025","18-DEC-2025","1759210","AAC015012","ROCD - RAWMATEIRAL             [253]","Lean","",""
"ELGI-HO","'015314209","AIR RECEIVER TANK 270_V3 SPVD","SU1E00451","ELGI EQUIPMENTS LIMITED - PVD ","R03   ","1","73110090","16-DEC-2025","18-DEC-2025","1759208","AAC015012","ROCD - RAWMATEIRAL             [253]","Lean","",""
"ELGI-HO","'015314209","AIR RECEIVER TANK 270_V3 SPVD","SU1E00451","ELGI EQUIPMENTS LIMITED - PVD ","R03   ","1","73110090","16-DEC-2025","18-DEC-2025","1759209","AAC015012","ROCD - RAWMATEIRAL             [253]","Lean","",""
"ELGI-HO","'015317035","AOS TANK EG22 - U STAMP","SU1E00451","ELGI EQUIPMENTS LIMITED - PVD ","R00   ","1","73110090","16-DEC-2025","18-DEC-2025","1759433","AEP017080","ROCD - RAWMATEIRAL             [253]","Lean","",""
"ELGI-HO","'015317035","AOS TANK EG22 - U STAMP","SU1E00451","ELGI EQUIPMENTS LIMITED - PVD ","R00   ","1","73110090","16-DEC-2025","18-DEC-2025","1759913","AEP017080","ROCD - RAWMATEIRAL             [253]","Lean","",""
"ELGI-HO","'015318382","AOS TANK EG22-45KW","SU1E00451","ELGI EQUIPMENTS LIMITED - PVD ","R00   ","1","73110090","16-DEC-2025","18-DEC-2025","1759443","AEP017080","ROCD - RAWMATEIRAL             [253]","Lean","",""
"ELGI-HO","'015315217","AIR RECEIVER TANK 500L V3 SPVD","SU1E00451","ELGI EQUIPMENTS LIMITED - PVD ","R03   ","1","73110090","16-DEC-2025","18-DEC-2025","1759212","AAC015012","F.G TRADED PARTS - ROCD        [246]","Lean","",""
"ELGI-HO","'015315666","AOS TANK EG-22","SU1E00451","ELGI EQUIPMENTS LIMITED - PVD ","R06   ","1","84:14:90.19","17-DEC-2025","18-DEC-2025","1760897","AEP017080","ROCD - RAWMATEIRAL             [253]","Lean","",""
"ELGI-HO","'015317491","SEPARATOR TANK EG22-45KW GR2B","SU1E00451","ELGI EQUIPMENTS LIMITED - PVD ","R09   ","1","73110090","17-DEC-2025","18-DEC-2025","1760899","AEP017080","ROCD - RAWMATEIRAL             [253]","Lean","",""
"ELGI-HO","'015315217","AIR RECEIVER TANK 500L V3 SPVD","SU1E00451","ELGI EQUIPMENTS LIMITED - PVD ","R03   ","1","73110090","16-DEC-2025","18-DEC-2025","1759215","AAC015012","F.G TRADED PARTS - ROCD        [246]","Lean","",""
"ELGI-HO","'015317035","AOS TANK EG22 - U STAMP","SU1E00451","ELGI EQUIPMENTS LIMITED - PVD ","R00   ","1","73110090","16-DEC-2025","18-DEC-2025","1759432","AEP017080","ROCD - RAWMATEIRAL             [253]","Lean","",""
"ELGI-HO","'015319440","SEPARATOR TANK AOS F4 ALPHA 7","SU1E00451","ELGI EQUIPMENTS LIMITED - PVD ","R09   ","1","84149019","16-DEC-2025","18-DEC-2025","1759925","AEP017080","ROCD - RAWMATEIRAL             [253]","Lean","",""
"ELGI-HO","'015314208","AIR RECEIVER TANK 220_V3 SPVD","SU1E00451","ELGI EQUIPMENTS LIMITED - PVD ","R03   ","1","73:11:00:90","16-DEC-2025","18-DEC-2025","1759204","AAC015012","F.G TRADED PARTS - ROCD        [246]","Lean","",""
"ELGI-HO","'015314209","AIR RECEIVER TANK 270_V3 SPVD","SU1E00451","ELGI EQUIPMENTS LIMITED - PVD ","R03   ","1","73110090","16-DEC-2025","18-DEC-2025","1759207","AAC015012","ROCD - RAWMATEIRAL             [253]","Lean","",""
"ELGI-HO","'035305257","SUB-ASSY SEPARATOR TANK-PG 430","SU1E00451","ELGI EQUIPMENTS LIMITED - PVD ","R02   ","1","73110090","16-DEC-2025","18-DEC-2025","1760369","ADP015052","DPSAC - RM WAREHOUSE           [212]","Lean","",""
"ELGI-HO","'015315217","AIR RECEIVER TANK 500L V3 SPVD","SU1E00451","ELGI EQUIPMENTS LIMITED - PVD ","R03   ","1","73110090","16-DEC-2025","18-DEC-2025","1759214","AAC015012","F.G TRADED PARTS - ROCD        [246]","Lean","",""
"ELGI-HO","'015319440","SEPARATOR TANK AOS F4 ALPHA 7","SU1E00451","ELGI EQUIPMENTS LIMITED - PVD ","R09   ","1","84149019","16-DEC-2025","18-DEC-2025","1759926","AEP017080","ROCD - RAWMATEIRAL             [253]","Lean","",""
"ELGI-HO","'035304505","SUB-ASSY SEPARATOR TANK -  PG","SU1E00451","ELGI EQUIPMENTS LIMITED - PVD ","R01   ","1","73110090","17-DEC-2025","18-DEC-2025","1760760","ADP015052","DPSAC - RM WAREHOUSE           [212]","Lean","401658521",""
"ELGI-HO","'020230030","REC AIR 420L TS10120 HT","SU1E00451","ELGI EQUIPMENTS LIMITED - PVD ","R07   ","1","73110090","15-DEC-2025","18-DEC-2025","1759171","ARC015039","RCD - RAWMATEIRAL              [353]","Lean","",""
"ELGI-HO","'035305279","SUB-ASSY SEPARATOR TANK-PG 575","SU1E00451","ELGI EQUIPMENTS LIMITED - PVD ","R01   ","1","73:11:00:90","16-DEC-2025","18-DEC-2025","1759697","ADP015052","DPSAC - RM WAREHOUSE           [212]","Lean","",""
"ELGI-HO","'015314208","AIR RECEIVER TANK 220_V3 SPVD","SU1E00451","ELGI EQUIPMENTS LIMITED - PVD ","R03   ","1","73:11:00:90","16-DEC-2025","18-DEC-2025","1759205","AAC015012","F.G TRADED PARTS - ROCD        [246]","Lean","",""
"ELGI-HO","'035305257","SUB-ASSY SEPARATOR TANK-PG 430","SU1E00451","ELGI EQUIPMENTS LIMITED - PVD ","R02   ","1","73110090","16-DEC-2025","18-DEC-2025","1760368","ADP015052","DPSAC - RM WAREHOUSE           [212]","Lean","401658530",""
"ELGI-HO","'015319440","SEPARATOR TANK AOS F4 ALPHA 7","SU1E00451","ELGI EQUIPMENTS LIMITED - PVD ","R09   ","1","84149019","16-DEC-2025","18-DEC-2025","1759924","AEP017080","ROCD - RAWMATEIRAL             [253]","Lean","",""
"ELGI-HO","'015315666","AOS TANK EG-22","SU1E00451","ELGI EQUIPMENTS LIMITED - PVD ","R06   ","1","84:14:90.19","17-DEC-2025","18-DEC-2025","1760894","AEP017080","ROCD - RAWMATEIRAL             [253]","Lean","",""
"ELGI-HO","'015315217","AIR RECEIVER TANK 500L V3 SPVD","SU1E00451","ELGI EQUIPMENTS LIMITED - PVD ","R03   ","1","73110090","13-NOV-2025","17-NOV-2025","1728139","AAC015012","F.G TRADED PARTS - ROCD        [246]","Lean","",""
"ELGI-HO","'015315217","AIR RECEIVER TANK 500L V3 SPVD","SU1E00451","ELGI EQUIPMENTS LIMITED - PVD ","R03   ","1","73110090","15-DEC-2025","17-DEC-2025","1758023","AAC015012","F.G TRADED PARTS - ROCD        [246]","Lean","",""
"ELGI-HO","'015317491","SEPARATOR TANK EG22-45KW GR2B","SU1E00451","ELGI EQUIPMENTS LIMITED - PVD ","R09   ","1","73110090","16-DEC-2025","17-DEC-2025","1759367","AEP017080","ROCD - RAWMATEIRAL             [253]","Lean","",""
"ELGI-HO","'015315217","AIR RECEIVER TANK 500L V3 SPVD","SU1E00451","ELGI EQUIPMENTS LIMITED - PVD ","R03   ","1","73110090","15-DEC-2025","17-DEC-2025","1758030","AAC015012","F.G TRADED PARTS - ROCD        [246]","Lean","",""
"ELGI-HO","'015314209","AIR RECEIVER TANK 270_V3 SPVD","SU1E00451","ELGI EQUIPMENTS LIMITED - PVD ","R03   ","1","73110090","15-DEC-2025","17-DEC-2025","1758015","AAC015012","ROCD - RAWMATEIRAL             [253]","Lean","",""
"ELGI-HO","'015315217","AIR RECEIVER TANK 500L V3 SPVD","SU1E00451","ELGI EQUIPMENTS LIMITED - PVD ","R03   ","1","73110090","15-DEC-2025","17-DEC-2025","1758025","AAC015012","F.G TRADED PARTS - ROCD        [246]","Lean","",""
"ELGI-HO","'015324218","AOS TANK F5-F6 SUPER PREMIUM","SU1E00451","ELGI EQUIPMENTS LIMITED - PVD ","R03   ","1","84149019","15-DEC-2025","17-DEC-2025","1759128","AEP017080","ROCD - RAWMATEIRAL             [253]","Lean","",""
"ELGI-HO","'015314209","AIR RECEIVER TANK 270_V3 SPVD","SU1E00451","ELGI EQUIPMENTS LIMITED - PVD ","R03   ","1","73110090","15-DEC-2025","17-DEC-2025","1758021","AAC015012","ROCD - RAWMATEIRAL             [253]","Lean","",""
"ELGI-HO","'015314208","AIR RECEIVER TANK 220_V3 SPVD","SU1E00451","ELGI EQUIPMENTS LIMITED - PVD ","R03   ","1","73:11:00:90","15-DEC-2025","17-DEC-2025","1758006","AAC015012","F.G TRADED PARTS - ROCD        [246]","Lean","",""
"ELGI-HO","'015315666","AOS TANK EG-22","SU1E00451","ELGI EQUIPMENTS LIMITED - PVD ","R06   ","1","84:14:90.19","16-DEC-2025","17-DEC-2025","1760544","AEP017080","ROCD - RAWMATEIRAL             [253]","Lean","",""
"ELGI-HO","'015324218","AOS TANK F5-F6 SUPER PREMIUM","SU1E00451","ELGI EQUIPMENTS LIMITED - PVD ","R03   ","1","84149019","15-DEC-2025","17-DEC-2025","1758530","AEP017080","ROCD - RAWMATEIRAL             [253]","Lean","",""
"ELGI-HO","'015319440","SEPARATOR TANK AOS F4 ALPHA 7","SU1E00451","ELGI EQUIPMENTS LIMITED - PVD ","R09   ","1","84149019","15-DEC-2025","17-DEC-2025","1758494","AEP017080","ROCD - RAWMATEIRAL             [253]","Lean","",""
"ELGI-HO","'015315666","AOS TANK EG-22","SU1E00451","ELGI EQUIPMENTS LIMITED - PVD ","R06   ","1","84:14:90.19","16-DEC-2025","17-DEC-2025","1759911","AEP017080","ROCD - RAWMATEIRAL             [253]","Lean","",""
"ELGI-HO","'015315666","AOS TANK EG-22","SU1E00451","ELGI EQUIPMENTS LIMITED - PVD ","R06   ","1","84:14:90.19","16-DEC-2025","17-DEC-2025","1760222","AEP017080","ROCD - RAWMATEIRAL             [253]","Lean","",""
"ELGI-HO","'015315666","AOS TANK EG-22","SU1E00451","ELGI EQUIPMENTS LIMITED - PVD ","R06   ","1","84:14:90.19","16-DEC-2025","17-DEC-2025","1759361","AEP017080","ROCD - RAWMATEIRAL             [253]","Lean","",""
"ELGI-HO","'015314209","AIR RECEIVER TANK 270_V3 SPVD","SU1E00451","ELGI EQUIPMENTS LIMITED - PVD ","R03   ","1","73110090","15-DEC-2025","17-DEC-2025","1758009","AAC015012","ROCD - RAWMATEIRAL             [253]","Lean","",""
"ELGI-HO","'015315217","AIR RECEIVER TANK 500L V3 SPVD","SU1E00451","ELGI EQUIPMENTS LIMITED - PVD ","R03   ","1","73110090","15-DEC-2025","17-DEC-2025","1758027","AAC015012","F.G TRADED PARTS - ROCD        [246]","Lean","",""
"ELGI-HO","'015314209","AIR RECEIVER TANK 270_V3 SPVD","SU1E00451","ELGI EQUIPMENTS LIMITED - PVD ","R03   ","1","73110090","15-DEC-2025","17-DEC-2025","1758013","AAC015012","ROCD - RAWMATEIRAL             [253]","Lean","",""
"ELGI-HO","'015315217","AIR RECEIVER TANK 500L V3 SPVD","SU1E00451","ELGI EQUIPMENTS LIMITED - PVD ","R03   ","1","73110090","15-DEC-2025","17-DEC-2025","1758026","AAC015012","F.G TRADED PARTS - ROCD        [246]","Lean","",""
"ELGI-HO","'015315666","AOS TANK EG-22","SU1E00451","ELGI EQUIPMENTS LIMITED - PVD ","R06   ","1","84:14:90.19","16-DEC-2025","17-DEC-2025","1759912","AEP017080","ROCD - RAWMATEIRAL             [253]","Lean","",""
"ELGI-HO","'015315666","AOS TANK EG-22","SU1E00451","ELGI EQUIPMENTS LIMITED - PVD ","R06   ","1","84:14:90.19","16-DEC-2025","17-DEC-2025","1760547","AEP017080","ROCD - RAWMATEIRAL             [253]","Lean","",""
"ELGI-HO","'015315666","AOS TANK EG-22","SU1E00451","ELGI EQUIPMENTS LIMITED - PVD ","R06   ","1","84:14:90.19","16-DEC-2025","17-DEC-2025","1759431","AEP017080","ROCD - RAWMATEIRAL             [253]","Lean","",""
"ELGI-HO","'015317491","SEPARATOR TANK EG22-45KW GR2B","SU1E00451","ELGI EQUIPMENTS LIMITED - PVD ","R09   ","1","73110090","16-DEC-2025","17-DEC-2025","1759436","AEP017080","ROCD - RAWMATEIRAL             [253]","Lean","",""
"ELGI-HO","'015315666","AOS TANK EG-22","SU1E00451","ELGI EQUIPMENTS LIMITED - PVD ","R06   ","1","84:14:90.19","16-DEC-2025","17-DEC-2025","1760223","AEP017080","ROCD - RAWMATEIRAL             [253]","Lean","",""
"ELGI-HO","'015315217","AIR RECEIVER TANK 500L V3 SPVD","SU1E00451","ELGI EQUIPMENTS LIMITED - PVD ","R03   ","1","73110090","15-DEC-2025","17-DEC-2025","1758029","AAC015012","F.G TRADED PARTS - ROCD        [246]","Lean","",""
"ELGI-HO","'015315666","AOS TANK EG-22","SU1E00451","ELGI EQUIPMENTS LIMITED - PVD ","R06   ","1","84:14:90.19","16-DEC-2025","17-DEC-2025","1760549","AEP017080","ROCD - RAWMATEIRAL             [253]","Lean","",""
"ELGI-HO","'015314209","AIR RECEIVER TANK 270_V3 SPVD","SU1E00451","ELGI EQUIPMENTS LIMITED - PVD ","R03   ","1","73110090","15-DEC-2025","17-DEC-2025","1758014","AAC015012","ROCD - RAWMATEIRAL             [253]","Lean","",""
"ELGI-HO","'015314209","AIR RECEIVER TANK 270_V3 SPVD","SU1E00451","ELGI EQUIPMENTS LIMITED - PVD ","R03   ","1","73110090","15-DEC-2025","17-DEC-2025","1758010","AAC015012","ROCD - RAWMATEIRAL             [253]","Lean","",""
"ELGI-HO","'015314209","AIR RECEIVER TANK 270_V3 SPVD","SU1E00451","ELGI EQUIPMENTS LIMITED - PVD ","R03   ","1","73110090","15-DEC-2025","17-DEC-2025","1758019","AAC015012","ROCD - RAWMATEIRAL             [253]","Lean","",""
"ELGI-HO","'015314209","AIR RECEIVER TANK 270_V3 SPVD","SU1E00451","ELGI EQUIPMENTS LIMITED - PVD ","R03   ","1","73110090","15-DEC-2025","17-DEC-2025","1758016","AAC015012","ROCD - RAWMATEIRAL             [253]","Lean","",""
"ELGI-HO","'015314209","AIR RECEIVER TANK 270_V3 SPVD","SU1E00451","ELGI EQUIPMENTS LIMITED - PVD ","R03   ","1","73110090","15-DEC-2025","17-DEC-2025","1758020","AAC015012","ROCD - RAWMATEIRAL             [253]","Lean","",""
"ELGI-HO","'015317491","SEPARATOR TANK EG22-45KW GR2B","SU1E00451","ELGI EQUIPMENTS LIMITED - PVD ","R09   ","1","73110090","16-DEC-2025","17-DEC-2025","1759918","AEP017080","ROCD - RAWMATEIRAL             [253]","Lean","",""
"ELGI-HO","'015315217","AIR RECEIVER TANK 500L V3 SPVD","SU1E00451","ELGI EQUIPMENTS LIMITED - PVD ","R03   ","1","73110090","15-DEC-2025","17-DEC-2025","1758033","AAC015012","F.G TRADED PARTS - ROCD        [246]","Lean","",""
"ELGI-HO","'015315217","AIR RECEIVER TANK 500L V3 SPVD","SU1E00451","ELGI EQUIPMENTS LIMITED - PVD ","R03   ","1","73110090","15-DEC-2025","17-DEC-2025","1758028","AAC015012","F.G TRADED PARTS - ROCD        [246]","Lean","",""
"ELGI-HO","'015318148","SEPARATOR TANK ASSY UNIQUE 500","SU1E00451","ELGI EQUIPMENTS LIMITED - PVD ","R08   ","1","73110090","15-DEC-2025","17-DEC-2025","1758491","AEP017080","ROCD - RAWMATEIRAL             [253]","Lean","",""
"ELGI-HO","'015314208","AIR RECEIVER TANK 220_V3 SPVD","SU1E00451","ELGI EQUIPMENTS LIMITED - PVD ","R03   ","1","73:11:00:90","15-DEC-2025","17-DEC-2025","1758007","AAC015012","F.G TRADED PARTS - ROCD        [246]","Lean","",""
"ELGI-HO","'015314209","AIR RECEIVER TANK 270_V3 SPVD","SU1E00451","ELGI EQUIPMENTS LIMITED - PVD ","R03   ","1","73110090","15-DEC-2025","17-DEC-2025","1758011","AAC015012","ROCD - RAWMATEIRAL             [253]","Lean","",""
"ELGI-HO","'015315666","AOS TANK EG-22","SU1E00451","ELGI EQUIPMENTS LIMITED - PVD ","R06   ","1","84:14:90.19","16-DEC-2025","17-DEC-2025","1760550","AEP017080","ROCD - RAWMATEIRAL             [253]","Lean","",""
"ELGI-HO","'015303309","VERTICAL TANK ASSY.132-160Kw","SU1E00451","ELGI EQUIPMENTS LIMITED - PVD ","R11   ","1","73110090","15-DEC-2025","17-DEC-2025","1757997","AEP017080","ROCD - RAWMATEIRAL             [253]","Lean","",""
"ELGI-HO","'015319440","SEPARATOR TANK AOS F4 ALPHA 7","SU1E00451","ELGI EQUIPMENTS LIMITED - PVD ","R09   ","1","84149019","15-DEC-2025","17-DEC-2025","1759121","AEP017080","ROCD - RAWMATEIRAL             [253]","Lean","",""
"ELGI-HO","'015317491","SEPARATOR TANK EG22-45KW GR2B","SU1E00451","ELGI EQUIPMENTS LIMITED - PVD ","R09   ","1","73110090","16-DEC-2025","17-DEC-2025","1759919","AEP017080","ROCD - RAWMATEIRAL             [253]","Lean","",""
"ELGI-HO","'015314209","AIR RECEIVER TANK 270_V3 SPVD","SU1E00451","ELGI EQUIPMENTS LIMITED - PVD ","R03   ","1","73110090","15-DEC-2025","17-DEC-2025","1758022","AAC015012","ROCD - RAWMATEIRAL             [253]","Lean","",""
"ELGI-HO","'015315666","AOS TANK EG-22","SU1E00451","ELGI EQUIPMENTS LIMITED - PVD ","R06   ","1","84:14:90.19","16-DEC-2025","17-DEC-2025","1760548","AEP017080","ROCD - RAWMATEIRAL             [253]","Lean","",""
"ELGI-HO","'015315217","AIR RECEIVER TANK 500L V3 SPVD","SU1E00451","ELGI EQUIPMENTS LIMITED - PVD ","R03   ","1","73110090","15-DEC-2025","17-DEC-2025","1758031","AAC015012","F.G TRADED PARTS - ROCD        [246]","Lean","",""
"ELGI-HO","'015315217","AIR RECEIVER TANK 500L V3 SPVD","SU1E00451","ELGI EQUIPMENTS LIMITED - PVD ","R03   ","1","73110090","15-DEC-2025","17-DEC-2025","1758024","AAC015012","F.G TRADED PARTS - ROCD        [246]","Lean","",""
"ELGI-HO","'015315217","AIR RECEIVER TANK 500L V3 SPVD","SU1E00451","ELGI EQUIPMENTS LIMITED - PVD ","R03   ","1","73110090","15-DEC-2025","17-DEC-2025","1758034","AAC015012","F.G TRADED PARTS - ROCD        [246]","Lean","",""
"ELGI-HO","'015317035","AOS TANK EG22 - U STAMP","SU1E00451","ELGI EQUIPMENTS LIMITED - PVD ","R00   ","1","73110090","15-DEC-2025","17-DEC-2025","1758482","AEP017080","ROCD - RAWMATEIRAL             [253]","Lean","",""
"ELGI-HO","'015303309","VERTICAL TANK ASSY.132-160Kw","SU1E00451","ELGI EQUIPMENTS LIMITED - PVD ","R11   ","1","73110090","15-DEC-2025","17-DEC-2025","1758238","AEP017080","ROCD - RAWMATEIRAL             [253]","Lean","",""
"ELGI-HO","'015314209","AIR RECEIVER TANK 270_V3 SPVD","SU1E00451","ELGI EQUIPMENTS LIMITED - PVD ","R03   ","1","73110090","15-DEC-2025","17-DEC-2025","1758018","AAC015012","ROCD - RAWMATEIRAL             [253]","Lean","",""
"ELGI-HO","'035305496","SUB-ASSY AOS TANK-PG 575-225","SU1E00451","ELGI EQUIPMENTS LIMITED - PVD ","R04   ","1","84149019","15-DEC-2025","17-DEC-2025","1758731","ADP015052","DPSAC - RM WAREHOUSE           [212]","Lean","",""
"ELGI-HO","'015319440","SEPARATOR TANK AOS F4 ALPHA 7","SU1E00451","ELGI EQUIPMENTS LIMITED - PVD ","R09   ","1","84149019","15-DEC-2025","17-DEC-2025","1758493","AEP017080","ROCD - RAWMATEIRAL             [253]","Lean","",""
"ELGI-HO","'015315666","AOS TANK EG-22","SU1E00451","ELGI EQUIPMENTS LIMITED - PVD ","R06   ","1","84:14:90.19","16-DEC-2025","17-DEC-2025","1760546","AEP017080","ROCD - RAWMATEIRAL             [253]","Lean","",""
"ELGI-HO","'015314209","AIR RECEIVER TANK 270_V3 SPVD","SU1E00451","ELGI EQUIPMENTS LIMITED - PVD ","R03   ","1","73110090","15-DEC-2025","17-DEC-2025","1758017","AAC015012","ROCD - RAWMATEIRAL             [253]","Lean","",""
"ELGI-HO","'015303598","VERTICAL TANK ASSY E90-E110","SU1E00451","ELGI EQUIPMENTS LIMITED - PVD ","R10   ","1","73:11:00:90","12-DEC-2025","17-DEC-2025","1757090","AEP017080","ROCD - RAWMATEIRAL             [253]","Lean","",""
"ELGI-HO","'015317491","SEPARATOR TANK EG22-45KW GR2B","SU1E00451","ELGI EQUIPMENTS LIMITED - PVD ","R09   ","1","73110090","16-DEC-2025","17-DEC-2025","1759917","AEP017080","ROCD - RAWMATEIRAL             [253]","Lean","",""
"ELGI-HO","'015314208","AIR RECEIVER TANK 220_V3 SPVD","SU1E00451","ELGI EQUIPMENTS LIMITED - PVD ","R03   ","1","73:11:00:90","15-DEC-2025","17-DEC-2025","1758008","AAC015012","F.G TRADED PARTS - ROCD        [246]","Lean","",""
"ELGI-HO","'015314209","AIR RECEIVER TANK 270_V3 SPVD","SU1E00451","ELGI EQUIPMENTS LIMITED - PVD ","R03   ","1","73110090","15-DEC-2025","17-DEC-2025","1758012","AAC015012","ROCD - RAWMATEIRAL             [253]","Lean","",""
"ELGI-HO","'015315666","AOS TANK EG-22","SU1E00451","ELGI EQUIPMENTS LIMITED - PVD ","R06   ","1","84:14:90.19","16-DEC-2025","17-DEC-2025","1759910","AEP017080","ROCD - RAWMATEIRAL             [253]","Lean","",""
"ELGI-HO","'015315217","AIR RECEIVER TANK 500L V3 SPVD","SU1E00451","ELGI EQUIPMENTS LIMITED - PVD ","R03   ","1","73110090","15-DEC-2025","17-DEC-2025","1758032","AAC015012","F.G TRADED PARTS - ROCD        [246]","Lean","",""
"ELGI-HO","'015315666","AOS TANK EG-22","SU1E00451","ELGI EQUIPMENTS LIMITED - PVD ","R06   ","1","84:14:90.19","16-DEC-2025","17-DEC-2025","1760545","AEP017080","ROCD - RAWMATEIRAL             [253]","Lean","",""
"ELGI-HO","'015317157","AOS TANK SPVD EG250 50HZ","SU1E00451","ELGI EQUIPMENTS LIMITED - PVD ","R02   ","1","73110090","11-NOV-2025","16-JAN-2026","946098","230334554","ROCD - RAWMATEIRAL             [253]","Non-lean","","JAN-26"
"ELGI-HO","'015315666","AOS TANK EG-22","SU1E00451","ELGI EQUIPMENTS LIMITED - PVD ","R06   ","1","84:14:90.19","15-DEC-2025","16-DEC-2025","1759115","AEP017080","ROCD - RAWMATEIRAL             [253]","Lean","401658502",""
"ELGI-HO","'015315217","AIR RECEIVER TANK 500L V3 SPVD","SU1E00451","ELGI EQUIPMENTS LIMITED - PVD ","R03   ","1","73110090","13-DEC-2025","16-DEC-2025","1757236","AAC015012","F.G TRADED PARTS - ROCD        [246]","Lean","",""
"ELGI-HO","'020377890","AIR RECEIVER 500 L, 15 BAR","SU1E00451","ELGI EQUIPMENTS LIMITED - PVD ","R01   ","1","73:11:00.00","11-DEC-2025","16-DEC-2025","1754716","ARC015039","RCD - RAWMATEIRAL              [353]","Lean","",""
"ELGI-HO","'020377890","AIR RECEIVER 500 L, 15 BAR","SU1E00451","ELGI EQUIPMENTS LIMITED - PVD ","R01   ","1","73:11:00.00","11-DEC-2025","16-DEC-2025","1755100","ARC015039","RCD - RAWMATEIRAL              [353]","Lean","",""
"ELGI-HO","'02038156A","AIR REC ASSY - TS05/07 LD EUR","SU1E00451","ELGI EQUIPMENTS LIMITED - PVD ","R02   ","1","84149019","11-DEC-2025","16-DEC-2025","1755558","ARC015039","RCD - RAWMATEIRAL              [353]","Lean","",""
"ELGI-HO","'015314209","AIR RECEIVER TANK 270_V3 SPVD","SU1E00451","ELGI EQUIPMENTS LIMITED - PVD ","R03   ","1","73110090","13-DEC-2025","16-DEC-2025","1757231","AAC015012","ROCD - RAWMATEIRAL             [253]","Lean","",""
"ELGI-HO","'015314209","AIR RECEIVER TANK 270_V3 SPVD","SU1E00451","ELGI EQUIPMENTS LIMITED - PVD ","R03   ","1","73110090","13-DEC-2025","16-DEC-2025","1757228","AAC015012","ROCD - RAWMATEIRAL             [253]","Lean","",""
"ELGI-HO","'015315217","AIR RECEIVER TANK 500L V3 SPVD","SU1E00451","ELGI EQUIPMENTS LIMITED - PVD ","R03   ","1","73110090","12-DEC-2025","16-DEC-2025","1755983","AAC015012","F.G TRADED PARTS - ROCD        [246]","Lean","",""
"ELGI-HO","'015314209","AIR RECEIVER TANK 270_V3 SPVD","SU1E00451","ELGI EQUIPMENTS LIMITED - PVD ","R03   ","1","73110090","12-DEC-2025","16-DEC-2025","1755977","AAC015012","ROCD - RAWMATEIRAL             [253]","Lean","",""
"ELGI-HO","'015315217","AIR RECEIVER TANK 500L V3 SPVD","SU1E00451","ELGI EQUIPMENTS LIMITED - PVD ","R03   ","1","73110090","13-DEC-2025","16-DEC-2025","1757233","AAC015012","F.G TRADED PARTS - ROCD        [246]","Lean","",""
"ELGI-HO","'015317491","SEPARATOR TANK EG22-45KW GR2B","SU1E00451","ELGI EQUIPMENTS LIMITED - PVD ","R09   ","1","73110090","15-DEC-2025","16-DEC-2025","1758262","AEP017080","ROCD - RAWMATEIRAL             [253]","Lean","401658363",""
"ELGI-HO","'015315666","AOS TANK EG-22","SU1E00451","ELGI EQUIPMENTS LIMITED - PVD ","R06   ","1","84:14:90.19","15-DEC-2025","16-DEC-2025","1759116","AEP017080","ROCD - RAWMATEIRAL             [253]","Lean","401658502",""
"ELGI-HO","'020370570","AIR RECEIVER 220 LITRES OF","SU1E00451","ELGI EQUIPMENTS LIMITED - PVD ","R12   ","1","73110090","11-DEC-2025","16-DEC-2025","1755540","ARC015039","RCD - RAWMATEIRAL              [353]","Lean","",""
"ELGI-HO","'015317491","SEPARATOR TANK EG22-45KW GR2B","SU1E00451","ELGI EQUIPMENTS LIMITED - PVD ","R09   ","1","73110090","15-DEC-2025","16-DEC-2025","1758484","AEP017080","ROCD - RAWMATEIRAL             [253]","Lean","401658363",""
"ELGI-HO","'015317491","SEPARATOR TANK EG22-45KW GR2B","SU1E00451","ELGI EQUIPMENTS LIMITED - PVD ","R09   ","1","73110090","15-DEC-2025","16-DEC-2025","1758263","AEP017080","ROCD - RAWMATEIRAL             [253]","Lean","401658363",""
"ELGI-HO","'015315217","AIR RECEIVER TANK 500L V3 SPVD","SU1E00451","ELGI EQUIPMENTS LIMITED - PVD ","R03   ","1","73110090","12-DEC-2025","16-DEC-2025","1755984","AAC015012","F.G TRADED PARTS - ROCD        [246]","Lean","",""
"ELGI-HO","'015314209","AIR RECEIVER TANK 270_V3 SPVD","SU1E00451","ELGI EQUIPMENTS LIMITED - PVD ","R03   ","1","73110090","13-DEC-2025","16-DEC-2025","1757225","AAC015012","ROCD - RAWMATEIRAL             [253]","Lean","",""
"ELGI-HO","'015314209","AIR RECEIVER TANK 270_V3 SPVD","SU1E00451","ELGI EQUIPMENTS LIMITED - PVD ","R03   ","1","73110090","13-DEC-2025","16-DEC-2025","1757226","AAC015012","ROCD - RAWMATEIRAL             [253]","Lean","",""
"ELGI-HO","'020370570","AIR RECEIVER 220 LITRES OF","SU1E00451","ELGI EQUIPMENTS LIMITED - PVD ","R12   ","1","73110090","11-DEC-2025","16-DEC-2025","1755541","ARC015039","RCD - RAWMATEIRAL              [353]","Lean","",""
"ELGI-HO","'015315666","AOS TANK EG-22","SU1E00451","ELGI EQUIPMENTS LIMITED - PVD ","R06   ","1","84:14:90.19","15-DEC-2025","16-DEC-2025","1759113","AEP017080","ROCD - RAWMATEIRAL             [253]","Lean","401658502",""
"ELGI-HO","'015319440","SEPARATOR TANK AOS F4 ALPHA 7","SU1E00451","ELGI EQUIPMENTS LIMITED - PVD ","R09   ","1","84149019","13-DEC-2025","16-DEC-2025","1757401","AEP017080","ROCD - RAWMATEIRAL             [253]","Lean","",""
"ELGI-HO","'015314209","AIR RECEIVER TANK 270_V3 SPVD","SU1E00451","ELGI EQUIPMENTS LIMITED - PVD ","R03   ","1","73110090","13-DEC-2025","16-DEC-2025","1757232","AAC015012","ROCD - RAWMATEIRAL             [253]","Lean","",""
"ELGI-HO","'015315217","AIR RECEIVER TANK 500L V3 SPVD","SU1E00451","ELGI EQUIPMENTS LIMITED - PVD ","R03   ","1","73110090","13-DEC-2025","16-DEC-2025","1757234","AAC015012","F.G TRADED PARTS - ROCD        [246]","Lean","",""
"ELGI-HO","'015315666","AOS TANK EG-22","SU1E00451","ELGI EQUIPMENTS LIMITED - PVD ","R06   ","1","84:14:90.19","15-DEC-2025","16-DEC-2025","1759114","AEP017080","ROCD - RAWMATEIRAL             [253]","Lean","401658502",""
"ELGI-HO","'015314209","AIR RECEIVER TANK 270_V3 SPVD","SU1E00451","ELGI EQUIPMENTS LIMITED - PVD ","R03   ","1","73110090","12-DEC-2025","16-DEC-2025","1755978","AAC015012","ROCD - RAWMATEIRAL             [253]","Lean","",""
"ELGI-HO","'015317491","SEPARATOR TANK EG22-45KW GR2B","SU1E00451","ELGI EQUIPMENTS LIMITED - PVD ","R09   ","1","73110090","15-DEC-2025","16-DEC-2025","1758485","AEP017080","ROCD - RAWMATEIRAL             [253]","Lean","401658363",""
"ELGI-HO","'02038156A","AIR REC ASSY - TS05/07 LD EUR","SU1E00451","ELGI EQUIPMENTS LIMITED - PVD ","R02   ","1","84149019","11-DEC-2025","16-DEC-2025","1755557","ARC015039","RCD - RAWMATEIRAL              [353]","Lean","",""
"ELGI-HO","'015314209","AIR RECEIVER TANK 270_V3 SPVD","SU1E00451","ELGI EQUIPMENTS LIMITED - PVD ","R03   ","1","73110090","13-DEC-2025","16-DEC-2025","1757230","AAC015012","ROCD - RAWMATEIRAL             [253]","Lean","",""
"ELGI-HO","'015314209","AIR RECEIVER TANK 270_V3 SPVD","SU1E00451","ELGI EQUIPMENTS LIMITED - PVD ","R03   ","1","73110090","13-DEC-2025","16-DEC-2025","1757229","AAC015012","ROCD - RAWMATEIRAL             [253]","Lean","",""
"ELGI-HO","'015315217","AIR RECEIVER TANK 500L V3 SPVD","SU1E00451","ELGI EQUIPMENTS LIMITED - PVD ","R03   ","1","73110090","12-DEC-2025","16-DEC-2025","1755982","AAC015012","F.G TRADED PARTS - ROCD        [246]","Lean","",""
"ELGI-HO","'015319440","SEPARATOR TANK AOS F4 ALPHA 7","SU1E00451","ELGI EQUIPMENTS LIMITED - PVD ","R09   ","1","84149019","13-DEC-2025","16-DEC-2025","1757939","AEP017080","ROCD - RAWMATEIRAL             [253]","Lean","",""
"ELGI-HO","'015314209","AIR RECEIVER TANK 270_V3 SPVD","SU1E00451","ELGI EQUIPMENTS LIMITED - PVD ","R03   ","1","73110090","13-DEC-2025","16-DEC-2025","1757227","AAC015012","ROCD - RAWMATEIRAL             [253]","Lean","",""
"ELGI-HO","'015315217","AIR RECEIVER TANK 500L V3 SPVD","SU1E00451","ELGI EQUIPMENTS LIMITED - PVD ","R03   ","1","73110090","13-DEC-2025","16-DEC-2025","1757238","AAC015012","F.G TRADED PARTS - ROCD        [246]","Lean","",""
"ELGI-HO","'015315217","AIR RECEIVER TANK 500L V3 SPVD","SU1E00451","ELGI EQUIPMENTS LIMITED - PVD ","R03   ","1","73110090","13-DEC-2025","16-DEC-2025","1757235","AAC015012","F.G TRADED PARTS - ROCD        [246]","Lean","",""
"ELGI-HO","'015315217","AIR RECEIVER TANK 500L V3 SPVD","SU1E00451","ELGI EQUIPMENTS LIMITED - PVD ","R03   ","1","73110090","13-DEC-2025","16-DEC-2025","1757237","AAC015012","F.G TRADED PARTS - ROCD        [246]","Lean","",""
"ELGI-HO","'015314209","AIR RECEIVER TANK 270_V3 SPVD","SU1E00451","ELGI EQUIPMENTS LIMITED - PVD ","R03   ","1","73110090","12-DEC-2025","16-DEC-2025","1755979","AAC015012","ROCD - RAWMATEIRAL             [253]","Lean","",""
"ELGI-HO","'015315217","AIR RECEIVER TANK 500L V3 SPVD","SU1E00451","ELGI EQUIPMENTS LIMITED - PVD ","R03   ","1","73110090","13-DEC-2025","16-DEC-2025","1757239","AAC015012","F.G TRADED PARTS - ROCD        [246]","Lean","",""
"ELGI-HO","'015315217","AIR RECEIVER TANK 500L V3 SPVD","SU1E00451","ELGI EQUIPMENTS LIMITED - PVD ","R03   ","1","73110090","12-DEC-2025","16-DEC-2025","1755981","AAC015012","F.G TRADED PARTS - ROCD        [246]","Lean","",""
"ELGI-HO","'015314209","AIR RECEIVER TANK 270_V3 SPVD","SU1E00451","ELGI EQUIPMENTS LIMITED - PVD ","R03   ","1","73110090","12-DEC-2025","16-DEC-2025","1755976","AAC015012","ROCD - RAWMATEIRAL             [253]","Lean","",""
"ELGI-HO","'015315217","AIR RECEIVER TANK 500L V3 SPVD","SU1E00451","ELGI EQUIPMENTS LIMITED - PVD ","R03   ","1","73110090","11-DEC-2025","15-DEC-2025","1755005","AAC015012","F.G TRADED PARTS - ROCD        [246]","Lean","",""
"ELGI-HO","'035305542","AOS TANK PG1200-500","SU1E00451","ELGI EQUIPMENTS LIMITED - PVD ","R02   ","1","73110090","10-DEC-2025","15-DEC-2025","967166","230334552","DPSAC - RM WAREHOUSE           [212]","Non-lean","","NOV-25"
"ELGI-HO","'015315217","AIR RECEIVER TANK 500L V3 SPVD","SU1E00451","ELGI EQUIPMENTS LIMITED - PVD ","R03   ","1","73110090","11-DEC-2025","15-DEC-2025","1755006","AAC015012","F.G TRADED PARTS - ROCD        [246]","Lean","",""
"ELGI-HO","'015314866","AIR RECEIVER 270L V3 ASME","SU1E00451","ELGI EQUIPMENTS LIMITED - PVD ","R02   ","1","73110090","09-AUG-2025","14-AUG-2025","906369","230315621","F.G TRADED PARTS - ROCD        [246]","Non-lean","401617192","AUG-25"
"ELGI-HO","'015314866","AIR RECEIVER 270L V3 ASME","SU1E00451","ELGI EQUIPMENTS LIMITED - PVD ","R02   ","1","73110090","09-AUG-2025","14-AUG-2025","906369","230315621","F.G TRADED PARTS - ROCD        [246]","Non-lean","401617227","AUG-25"
"ELGI-HO","'015314866","AIR RECEIVER 270L V3 ASME","SU1E00451","ELGI EQUIPMENTS LIMITED - PVD ","R02   ","1","73110090","09-AUG-2025","14-AUG-2025","906369","230315621","F.G TRADED PARTS - ROCD        [246]","Non-lean","401609206","AUG-25"
"ELGI-HO","'015314866","AIR RECEIVER 270L V3 ASME","SU1E00451","ELGI EQUIPMENTS LIMITED - PVD ","R02   ","1","73110090","09-AUG-2025","14-AUG-2025","906369","230315621","F.G TRADED PARTS - ROCD        [246]","Non-lean","401619456","AUG-25"
"ELGI-HO","'015314866","AIR RECEIVER 270L V3 ASME","SU1E00451","ELGI EQUIPMENTS LIMITED - PVD ","R02   ","1","73110090","09-AUG-2025","14-AUG-2025","906369","230315621","F.G TRADED PARTS - ROCD        [246]","Non-lean","401608817","AUG-25"
"ELGI-HO","'015314866","AIR RECEIVER 270L V3 ASME","SU1E00451","ELGI EQUIPMENTS LIMITED - PVD ","R02   ","1","73110090","09-AUG-2025","14-AUG-2025","906369","230315621","F.G TRADED PARTS - ROCD        [246]","Non-lean","401617726","AUG-25"
"ELGI-HO","'015314866","AIR RECEIVER 270L V3 ASME","SU1E00451","ELGI EQUIPMENTS LIMITED - PVD ","R02   ","1","73110090","09-AUG-2025","14-AUG-2025","906369","230315621","F.G TRADED PARTS - ROCD        [246]","Non-lean","401613970","AUG-25"
"ELGI-HO","'015314866","AIR RECEIVER 270L V3 ASME","SU1E00451","ELGI EQUIPMENTS LIMITED - PVD ","R02   ","1","73110090","09-AUG-2025","14-AUG-2025","906369","230315621","F.G TRADED PARTS - ROCD        [246]","Non-lean","401625485","AUG-25"
"ELGI-HO","'015315217","AIR RECEIVER TANK 500L V3 SPVD","SU1E00451","ELGI EQUIPMENTS LIMITED - PVD ","R03   ","1","73110090","11-NOV-2025","13-NOV-2025","1725276","AAC015012","F.G TRADED PARTS - ROCD        [246]","Lean","",""
"ELGI-HO","'037-05682-S","SEPARATOR TANK -ROTAIR 182-102","SU1E00451","ELGI EQUIPMENTS LIMITED - PVD ","R02   ","19","73110090","08-NOV-2025","13-NOV-2025","944750","700007209","ROTAIR INTEGRATION STORES [R53]","Non-lean","401654318","NOV-25"
"ELGI-HO","'037-05682-S","SEPARATOR TANK -ROTAIR 182-102","SU1E00451","ELGI EQUIPMENTS LIMITED - PVD ","R02   ","19","73110090","08-NOV-2025","13-NOV-2025","944750","700007209","ROTAIR INTEGRATION STORES [R53]","Non-lean","401655413","NOV-25"
"ELGI-HO","'037-05682-S","SEPARATOR TANK -ROTAIR 182-102","SU1E00451","ELGI EQUIPMENTS LIMITED - PVD ","R02   ","19","73110090","08-NOV-2025","13-NOV-2025","944750","700007209","ROTAIR INTEGRATION STORES [R53]","Non-lean","401648871","NOV-25"
"ELGI-HO","'037-05682-S","SEPARATOR TANK -ROTAIR 182-102","SU1E00451","ELGI EQUIPMENTS LIMITED - PVD ","R02   ","19","73110090","08-NOV-2025","13-NOV-2025","944750","700007209","ROTAIR INTEGRATION STORES [R53]","Non-lean","401647848","NOV-25"
"ELGI-HO","'015315217","AIR RECEIVER TANK 500L V3 SPVD","SU1E00451","ELGI EQUIPMENTS LIMITED - PVD ","R03   ","1","73110090","10-NOV-2025","12-NOV-2025","1723402","AAC015012","F.G TRADED PARTS - ROCD        [246]","Lean","",""
"ELGI-HO","'015315217","AIR RECEIVER TANK 500L V3 SPVD","SU1E00451","ELGI EQUIPMENTS LIMITED - PVD ","R03   ","1","73110090","10-NOV-2025","12-NOV-2025","1723401","AAC015012","F.G TRADED PARTS - ROCD        [246]","Lean","",""
"ELGI-HO","'015315217","AIR RECEIVER TANK 500L V3 SPVD","SU1E00451","ELGI EQUIPMENTS LIMITED - PVD ","R03   ","1","73110090","10-NOV-2025","12-NOV-2025","1723400","AAC015012","F.G TRADED PARTS - ROCD        [246]","Lean","",""
"ELGI-HO","'015322540","AIR OIL SEPARATOR TANK","SU1E00451","ELGI EQUIPMENTS LIMITED - PVD ","R00   ","1","84149019","11-NOV-2025","12-JAN-2026","946101","230334554","ROCD - RAWMATEIRAL             [253]","Non-lean","","JAN-26"
"ELGI-HO","'020379500","REC AIR 500L TS15LD12","SU1E00451","ELGI EQUIPMENTS LIMITED - PVD ","R03   ","1","73110090","10-DEC-2025","12-DEC-2025","1754287","ARC015039","RCD - RAWMATEIRAL              [353]","Lean","",""
"ELGI-HO","'015314209","AIR RECEIVER TANK 270_V3 SPVD","SU1E00451","ELGI EQUIPMENTS LIMITED - PVD ","R03   ","1","73110090","10-DEC-2025","12-DEC-2025","1754437","AAC015012","ROCD - RAWMATEIRAL             [253]","Lean","",""
"ELGI-HO","'020230030","REC AIR 420L TS10120 HT","SU1E00451","ELGI EQUIPMENTS LIMITED - PVD ","R07   ","1","73110090","09-DEC-2025","12-DEC-2025","1752661","ARC015039","RCD - RAWMATEIRAL              [353]","Lean","",""
"ELGI-HO","'020378910","AIR RECEIVER 420L SS10 M","SU1E00451","ELGI EQUIPMENTS LIMITED - PVD ","R03   ","1","73110090","09-DEC-2025","12-DEC-2025","1752663","ARC015039","RCD - RAWMATEIRAL              [353]","Lean","",""
"ELGI-HO","'015315217","AIR RECEIVER TANK 500L V3 SPVD","SU1E00451","ELGI EQUIPMENTS LIMITED - PVD ","R03   ","1","73110090","09-DEC-2025","11-DEC-2025","1752192","AAC015012","F.G TRADED PARTS - ROCD        [246]","Lean","",""
"ELGI-HO","'015315217","AIR RECEIVER TANK 500L V3 SPVD","SU1E00451","ELGI EQUIPMENTS LIMITED - PVD ","R03   ","1","73110090","09-DEC-2025","11-DEC-2025","1752189","AAC015012","F.G TRADED PARTS - ROCD        [246]","Lean","",""
"ELGI-HO","'015314209","AIR RECEIVER TANK 270_V3 SPVD","SU1E00451","ELGI EQUIPMENTS LIMITED - PVD ","R03   ","1","73110090","09-DEC-2025","11-DEC-2025","1752181","AAC015012","ROCD - RAWMATEIRAL             [253]","Lean","",""
"ELGI-HO","'015314208","AIR RECEIVER TANK 220_V3 SPVD","SU1E00451","ELGI EQUIPMENTS LIMITED - PVD ","R03   ","1","73:11:00:90","09-DEC-2025","11-DEC-2025","1752180","AAC015012","F.G TRADED PARTS - ROCD        [246]","Lean","",""
"ELGI-HO","'015314209","AIR RECEIVER TANK 270_V3 SPVD","SU1E00451","ELGI EQUIPMENTS LIMITED - PVD ","R03   ","1","73110090","09-DEC-2025","11-DEC-2025","1752182","AAC015012","ROCD - RAWMATEIRAL             [253]","Lean","",""
"ELGI-HO","'015314209","AIR RECEIVER TANK 270_V3 SPVD","SU1E00451","ELGI EQUIPMENTS LIMITED - PVD ","R03   ","1","73110090","09-DEC-2025","11-DEC-2025","1752183","AAC015012","ROCD - RAWMATEIRAL             [253]","Lean","",""
"ELGI-HO","'015315217","AIR RECEIVER TANK 500L V3 SPVD","SU1E00451","ELGI EQUIPMENTS LIMITED - PVD ","R03   ","1","73110090","09-DEC-2025","11-DEC-2025","1752185","AAC015012","F.G TRADED PARTS - ROCD        [246]","Lean","",""
"ELGI-HO","'020376420","REC AIR 500L TS10 DCI","SU1E00451","ELGI EQUIPMENTS LIMITED - PVD ","R05   ","2","73110090","06-DEC-2025","11-DEC-2025","965404","330035937","RCD - RAWMATEIRAL              [353]","Non-lean","","DEC-25"
"ELGI-HO","'015315217","AIR RECEIVER TANK 500L V3 SPVD","SU1E00451","ELGI EQUIPMENTS LIMITED - PVD ","R03   ","1","73110090","09-DEC-2025","11-DEC-2025","1752190","AAC015012","F.G TRADED PARTS - ROCD        [246]","Lean","",""
"ELGI-HO","'015314209","AIR RECEIVER TANK 270_V3 SPVD","SU1E00451","ELGI EQUIPMENTS LIMITED - PVD ","R03   ","1","73110090","09-DEC-2025","11-DEC-2025","1753316","AAC015012","ROCD - RAWMATEIRAL             [253]","Lean","",""
"ELGI-HO","'015315217","AIR RECEIVER TANK 500L V3 SPVD","SU1E00451","ELGI EQUIPMENTS LIMITED - PVD ","R03   ","1","73110090","09-DEC-2025","11-DEC-2025","1752191","AAC015012","F.G TRADED PARTS - ROCD        [246]","Lean","",""
"ELGI-HO","'015315217","AIR RECEIVER TANK 500L V3 SPVD","SU1E00451","ELGI EQUIPMENTS LIMITED - PVD ","R03   ","1","73110090","09-DEC-2025","11-DEC-2025","1752187","AAC015012","F.G TRADED PARTS - ROCD        [246]","Lean","",""
"ELGI-HO","'015315217","AIR RECEIVER TANK 500L V3 SPVD","SU1E00451","ELGI EQUIPMENTS LIMITED - PVD ","R03   ","1","73110090","09-DEC-2025","11-DEC-2025","1752186","AAC015012","F.G TRADED PARTS - ROCD        [246]","Lean","",""
"ELGI-HO","'015315217","AIR RECEIVER TANK 500L V3 SPVD","SU1E00451","ELGI EQUIPMENTS LIMITED - PVD ","R03   ","1","73110090","09-DEC-2025","11-DEC-2025","1752188","AAC015012","F.G TRADED PARTS - ROCD        [246]","Lean","",""
"ELGI-HO","'035305428","AOS TANK INTL","SU1E00451","ELGI EQUIPMENTS LIMITED - PVD ","R00   ","1","84149019","03-NOV-2025","10-MAR-2026","938663","230334552","DPSAC - RM WAREHOUSE           [212]","Non-lean","","MAR-26"
"ELGI-HO","'035305428","AOS TANK INTL","SU1E00451","ELGI EQUIPMENTS LIMITED - PVD ","R00   ","1","84149019","03-NOV-2025","10-FEB-2026","938077","230334552","DPSAC - RM WAREHOUSE           [212]","Non-lean","","FEB-26"
"ELGI-HO","'015323667","AOS TANK EG 75 -CRN","SU1E00451","ELGI EQUIPMENTS LIMITED - PVD ","R01   ","1","84149090","17-NOV-2025","10-FEB-2026","954794","230334554","ROCD - RAWMATEIRAL             [253]","Non-lean","","FEB-26"
"ELGI-HO","'015314209","AIR RECEIVER TANK 270_V3 SPVD","SU1E00451","ELGI EQUIPMENTS LIMITED - PVD ","R03   ","1","73110090","08-DEC-2025","10-DEC-2025","1750709","AAC015012","ROCD - RAWMATEIRAL             [253]","Lean","",""
"ELGI-HO","'015314209","AIR RECEIVER TANK 270_V3 SPVD","SU1E00451","ELGI EQUIPMENTS LIMITED - PVD ","R03   ","1","73110090","08-DEC-2025","10-DEC-2025","1750707","AAC015012","ROCD - RAWMATEIRAL             [253]","Lean","",""
"ELGI-HO","'015314209","AIR RECEIVER TANK 270_V3 SPVD","SU1E00451","ELGI EQUIPMENTS LIMITED - PVD ","R03   ","1","73110090","08-DEC-2025","10-DEC-2025","1750711","AAC015012","ROCD - RAWMATEIRAL             [253]","Lean","",""
"ELGI-HO","'015315217","AIR RECEIVER TANK 500L V3 SPVD","SU1E00451","ELGI EQUIPMENTS LIMITED - PVD ","R03   ","1","73110090","08-DEC-2025","10-DEC-2025","1750719","AAC015012","F.G TRADED PARTS - ROCD        [246]","Lean","",""
"ELGI-HO","'015314208","AIR RECEIVER TANK 220_V3 SPVD","SU1E00451","ELGI EQUIPMENTS LIMITED - PVD ","R03   ","1","73:11:00:90","08-DEC-2025","10-DEC-2025","1750698","AAC015012","F.G TRADED PARTS - ROCD        [246]","Lean","",""
"ELGI-HO","'015314208","AIR RECEIVER TANK 220_V3 SPVD","SU1E00451","ELGI EQUIPMENTS LIMITED - PVD ","R03   ","1","73:11:00:90","08-DEC-2025","10-DEC-2025","1750697","AAC015012","F.G TRADED PARTS - ROCD        [246]","Lean","",""
"ELGI-HO","'015314208","AIR RECEIVER TANK 220_V3 SPVD","SU1E00451","ELGI EQUIPMENTS LIMITED - PVD ","R03   ","1","73:11:00:90","08-DEC-2025","10-DEC-2025","1750699","AAC015012","F.G TRADED PARTS - ROCD        [246]","Lean","",""
"ELGI-HO","'015315217","AIR RECEIVER TANK 500L V3 SPVD","SU1E00451","ELGI EQUIPMENTS LIMITED - PVD ","R03   ","1","73110090","08-DEC-2025","10-DEC-2025","1750724","AAC015012","F.G TRADED PARTS - ROCD        [246]","Lean","",""
"ELGI-HO","'015315217","AIR RECEIVER TANK 500L V3 SPVD","SU1E00451","ELGI EQUIPMENTS LIMITED - PVD ","R03   ","1","73110090","08-DEC-2025","10-DEC-2025","1750720","AAC015012","F.G TRADED PARTS - ROCD        [246]","Lean","",""
"ELGI-HO","'015315217","AIR RECEIVER TANK 500L V3 SPVD","SU1E00451","ELGI EQUIPMENTS LIMITED - PVD ","R03   ","1","73110090","08-DEC-2025","10-DEC-2025","1750721","AAC015012","F.G TRADED PARTS - ROCD        [246]","Lean","",""
"ELGI-HO","'015314209","AIR RECEIVER TANK 270_V3 SPVD","SU1E00451","ELGI EQUIPMENTS LIMITED - PVD ","R03   ","1","73110090","08-DEC-2025","10-DEC-2025","1750701","AAC015012","ROCD - RAWMATEIRAL             [253]","Lean","",""
"ELGI-HO","'015315217","AIR RECEIVER TANK 500L V3 SPVD","SU1E00451","ELGI EQUIPMENTS LIMITED - PVD ","R03   ","1","73110090","08-DEC-2025","10-DEC-2025","1750716","AAC015012","F.G TRADED PARTS - ROCD        [246]","Lean","",""
"ELGI-HO","'015314209","AIR RECEIVER TANK 270_V3 SPVD","SU1E00451","ELGI EQUIPMENTS LIMITED - PVD ","R03   ","1","73110090","08-DEC-2025","10-DEC-2025","1750702","AAC015012","ROCD - RAWMATEIRAL             [253]","Lean","",""
"ELGI-HO","'015314209","AIR RECEIVER TANK 270_V3 SPVD","SU1E00451","ELGI EQUIPMENTS LIMITED - PVD ","R03   ","1","73110090","08-DEC-2025","10-DEC-2025","1750708","AAC015012","ROCD - RAWMATEIRAL             [253]","Lean","",""
"ELGI-HO","'015315217","AIR RECEIVER TANK 500L V3 SPVD","SU1E00451","ELGI EQUIPMENTS LIMITED - PVD ","R03   ","1","73110090","08-DEC-2025","10-DEC-2025","1750715","AAC015012","F.G TRADED PARTS - ROCD        [246]","Lean","",""
"ELGI-HO","'015314209","AIR RECEIVER TANK 270_V3 SPVD","SU1E00451","ELGI EQUIPMENTS LIMITED - PVD ","R03   ","1","73110090","08-DEC-2025","10-DEC-2025","1750710","AAC015012","ROCD - RAWMATEIRAL             [253]","Lean","",""
"ELGI-HO","'015315217","AIR RECEIVER TANK 500L V3 SPVD","SU1E00451","ELGI EQUIPMENTS LIMITED - PVD ","R03   ","1","73110090","08-DEC-2025","10-DEC-2025","1750726","AAC015012","F.G TRADED PARTS - ROCD        [246]","Lean","",""
"ELGI-HO","'015315217","AIR RECEIVER TANK 500L V3 SPVD","SU1E00451","ELGI EQUIPMENTS LIMITED - PVD ","R03   ","1","73110090","08-DEC-2025","10-DEC-2025","1750717","AAC015012","F.G TRADED PARTS - ROCD        [246]","Lean","",""
"ELGI-HO","'015314209","AIR RECEIVER TANK 270_V3 SPVD","SU1E00451","ELGI EQUIPMENTS LIMITED - PVD ","R03   ","1","73110090","08-DEC-2025","10-DEC-2025","1750704","AAC015012","ROCD - RAWMATEIRAL             [253]","Lean","",""
"ELGI-HO","'015315217","AIR RECEIVER TANK 500L V3 SPVD","SU1E00451","ELGI EQUIPMENTS LIMITED - PVD ","R03   ","1","73110090","08-DEC-2025","10-DEC-2025","1750718","AAC015012","F.G TRADED PARTS - ROCD        [246]","Lean","",""
"ELGI-HO","'015315217","AIR RECEIVER TANK 500L V3 SPVD","SU1E00451","ELGI EQUIPMENTS LIMITED - PVD ","R03   ","1","73110090","08-DEC-2025","10-DEC-2025","1750725","AAC015012","F.G TRADED PARTS - ROCD        [246]","Lean","",""
"ELGI-HO","'015314209","AIR RECEIVER TANK 270_V3 SPVD","SU1E00451","ELGI EQUIPMENTS LIMITED - PVD ","R03   ","1","73110090","08-DEC-2025","10-DEC-2025","1750706","AAC015012","ROCD - RAWMATEIRAL             [253]","Lean","",""
"ELGI-HO","'015314209","AIR RECEIVER TANK 270_V3 SPVD","SU1E00451","ELGI EQUIPMENTS LIMITED - PVD ","R03   ","1","73110090","08-DEC-2025","10-DEC-2025","1750703","AAC015012","ROCD - RAWMATEIRAL             [253]","Lean","",""
"ELGI-HO","'015314209","AIR RECEIVER TANK 270_V3 SPVD","SU1E00451","ELGI EQUIPMENTS LIMITED - PVD ","R03   ","1","73110090","08-DEC-2025","10-DEC-2025","1750705","AAC015012","ROCD - RAWMATEIRAL             [253]","Lean","",""
"ELGI-HO","'015315217","AIR RECEIVER TANK 500L V3 SPVD","SU1E00451","ELGI EQUIPMENTS LIMITED - PVD ","R03   ","1","73110090","08-DEC-2025","10-DEC-2025","1750722","AAC015012","F.G TRADED PARTS - ROCD        [246]","Lean","",""
"ELGI-HO","'015314208","AIR RECEIVER TANK 220_V3 SPVD","SU1E00451","ELGI EQUIPMENTS LIMITED - PVD ","R03   ","1","73:11:00:90","08-DEC-2025","10-DEC-2025","1750696","AAC015012","F.G TRADED PARTS - ROCD        [246]","Lean","",""
"ELGI-HO","'015314208","AIR RECEIVER TANK 220_V3 SPVD","SU1E00451","ELGI EQUIPMENTS LIMITED - PVD ","R03   ","1","73:11:00:90","08-DEC-2025","10-DEC-2025","1750700","AAC015012","F.G TRADED PARTS - ROCD        [246]","Lean","",""
"ELGI-HO","'015315217","AIR RECEIVER TANK 500L V3 SPVD","SU1E00451","ELGI EQUIPMENTS LIMITED - PVD ","R03   ","1","73110090","08-DEC-2025","10-DEC-2025","1750727","AAC015012","F.G TRADED PARTS - ROCD        [246]","Lean","",""
"ELGI-HO","'015315217","AIR RECEIVER TANK 500L V3 SPVD","SU1E00451","ELGI EQUIPMENTS LIMITED - PVD ","R03   ","1","73110090","08-DEC-2025","10-DEC-2025","1750723","AAC015012","F.G TRADED PARTS - ROCD        [246]","Lean","",""
"ELGI-HO","'035304725","SEPARATOR TANK SUBASSY-PG1200","SU1E00451","ELGI EQUIPMENTS LIMITED - PVD ","R00   ","1","73110090","03-NOV-2025","09-MAR-2026","938598","230334552","DPSAC - RM WAREHOUSE           [212]","Non-lean","","MAR-26"
"ELGI-HO","'035305428","AOS TANK INTL","SU1E00451","ELGI EQUIPMENTS LIMITED - PVD ","R00   ","1","84149019","01-OCT-2025","09-JAN-2026","923121","230334552","DPSAC - RM WAREHOUSE           [212]","Non-lean","","JAN-26"
"ELGI-HO","'015315217","AIR RECEIVER TANK 500L V3 SPVD","SU1E00451","ELGI EQUIPMENTS LIMITED - PVD ","R03   ","1","73110090","05-DEC-2025","09-DEC-2025","1748826","AAC015012","F.G TRADED PARTS - ROCD        [246]","Lean","",""
"ELGI-HO","'015314209","AIR RECEIVER TANK 270_V3 SPVD","SU1E00451","ELGI EQUIPMENTS LIMITED - PVD ","R03   ","1","73110090","05-DEC-2025","09-DEC-2025","1748822","AAC015012","ROCD - RAWMATEIRAL             [253]","Lean","",""
"ELGI-HO","'015314209","AIR RECEIVER TANK 270_V3 SPVD","SU1E00451","ELGI EQUIPMENTS LIMITED - PVD ","R03   ","1","73110090","06-DEC-2025","09-DEC-2025","1750200","AAC015012","ROCD - RAWMATEIRAL             [253]","Lean","",""
"ELGI-HO","'015314209","AIR RECEIVER TANK 270_V3 SPVD","SU1E00451","ELGI EQUIPMENTS LIMITED - PVD ","R03   ","1","73110090","06-DEC-2025","09-DEC-2025","1750196","AAC015012","ROCD - RAWMATEIRAL             [253]","Lean","",""
"ELGI-HO","'015314209","AIR RECEIVER TANK 270_V3 SPVD","SU1E00451","ELGI EQUIPMENTS LIMITED - PVD ","R03   ","1","73110090","05-DEC-2025","09-DEC-2025","1748823","AAC015012","ROCD - RAWMATEIRAL             [253]","Lean","",""
"ELGI-HO","'015314209","AIR RECEIVER TANK 270_V3 SPVD","SU1E00451","ELGI EQUIPMENTS LIMITED - PVD ","R03   ","1","73110090","05-DEC-2025","09-DEC-2025","1748820","AAC015012","ROCD - RAWMATEIRAL             [253]","Lean","",""
"ELGI-HO","'015314209","AIR RECEIVER TANK 270_V3 SPVD","SU1E00451","ELGI EQUIPMENTS LIMITED - PVD ","R03   ","1","73110090","06-DEC-2025","09-DEC-2025","1750198","AAC015012","ROCD - RAWMATEIRAL             [253]","Lean","",""
"ELGI-HO","'015314209","AIR RECEIVER TANK 270_V3 SPVD","SU1E00451","ELGI EQUIPMENTS LIMITED - PVD ","R03   ","1","73110090","06-DEC-2025","09-DEC-2025","1750195","AAC015012","ROCD - RAWMATEIRAL             [253]","Lean","",""
"ELGI-HO","'015315217","AIR RECEIVER TANK 500L V3 SPVD","SU1E00451","ELGI EQUIPMENTS LIMITED - PVD ","R03   ","1","73110090","05-DEC-2025","09-DEC-2025","1748828","AAC015012","F.G TRADED PARTS - ROCD        [246]","Lean","",""
"ELGI-HO","'015314209","AIR RECEIVER TANK 270_V3 SPVD","SU1E00451","ELGI EQUIPMENTS LIMITED - PVD ","R03   ","1","73110090","06-DEC-2025","09-DEC-2025","1750197","AAC015012","ROCD - RAWMATEIRAL             [253]","Lean","",""
"ELGI-HO","'015314209","AIR RECEIVER TANK 270_V3 SPVD","SU1E00451","ELGI EQUIPMENTS LIMITED - PVD ","R03   ","1","73110090","05-DEC-2025","09-DEC-2025","1748821","AAC015012","ROCD - RAWMATEIRAL             [253]","Lean","",""
"ELGI-HO","'015315217","AIR RECEIVER TANK 500L V3 SPVD","SU1E00451","ELGI EQUIPMENTS LIMITED - PVD ","R03   ","1","73110090","05-DEC-2025","09-DEC-2025","1748829","AAC015012","F.G TRADED PARTS - ROCD        [246]","Lean","",""
"ELGI-HO","'015315217","AIR RECEIVER TANK 500L V3 SPVD","SU1E00451","ELGI EQUIPMENTS LIMITED - PVD ","R03   ","1","73110090","06-DEC-2025","09-DEC-2025","1750206","AAC015012","F.G TRADED PARTS - ROCD        [246]","Lean","",""
"ELGI-HO","'015315217","AIR RECEIVER TANK 500L V3 SPVD","SU1E00451","ELGI EQUIPMENTS LIMITED - PVD ","R03   ","1","73110090","06-DEC-2025","09-DEC-2025","1750202","AAC015012","F.G TRADED PARTS - ROCD        [246]","Lean","",""
"ELGI-HO","'015315217","AIR RECEIVER TANK 500L V3 SPVD","SU1E00451","ELGI EQUIPMENTS LIMITED - PVD ","R03   ","1","73110090","05-DEC-2025","09-DEC-2025","1748827","AAC015012","F.G TRADED PARTS - ROCD        [246]","Lean","",""
"ELGI-HO","'015314209","AIR RECEIVER TANK 270_V3 SPVD","SU1E00451","ELGI EQUIPMENTS LIMITED - PVD ","R03   ","1","73110090","06-DEC-2025","09-DEC-2025","1750199","AAC015012","ROCD - RAWMATEIRAL             [253]","Lean","",""
"ELGI-HO","'015315217","AIR RECEIVER TANK 500L V3 SPVD","SU1E00451","ELGI EQUIPMENTS LIMITED - PVD ","R03   ","1","73110090","06-DEC-2025","09-DEC-2025","1750205","AAC015012","F.G TRADED PARTS - ROCD        [246]","Lean","",""
"ELGI-HO","'015314209","AIR RECEIVER TANK 270_V3 SPVD","SU1E00451","ELGI EQUIPMENTS LIMITED - PVD ","R03   ","1","73110090","06-DEC-2025","09-DEC-2025","1750537","AAC015012","ROCD - RAWMATEIRAL             [253]","Lean","",""
"ELGI-HO","'015315217","AIR RECEIVER TANK 500L V3 SPVD","SU1E00451","ELGI EQUIPMENTS LIMITED - PVD ","R03   ","1","73110090","06-DEC-2025","09-DEC-2025","1750203","AAC015012","F.G TRADED PARTS - ROCD        [246]","Lean","",""
"ELGI-HO","'015315217","AIR RECEIVER TANK 500L V3 SPVD","SU1E00451","ELGI EQUIPMENTS LIMITED - PVD ","R03   ","1","73110090","06-DEC-2025","09-DEC-2025","1750204","AAC015012","F.G TRADED PARTS - ROCD        [246]","Lean","",""
"ELGI-HO","'035305370","AOS TANK INTL-PG 1250","SU1E00451","ELGI EQUIPMENTS LIMITED - PVD ","R00   ","1","84149019","03-SEP-2025","08-SEP-2025","913378","230334552","DPSAC - RM WAREHOUSE           [212]","Non-lean","401615228","AUG-25"
"ELGI-HO","'015314209","AIR RECEIVER TANK 270_V3 SPVD","SU1E00451","ELGI EQUIPMENTS LIMITED - PVD ","R03   ","1","73110090","04-DEC-2025","08-DEC-2025","1748287","AAC015012","ROCD - RAWMATEIRAL             [253]","Lean","",""
"ELGI-HO","'015314209","AIR RECEIVER TANK 270_V3 SPVD","SU1E00451","ELGI EQUIPMENTS LIMITED - PVD ","R03   ","1","73110090","04-DEC-2025","08-DEC-2025","1748661","AAC015012","ROCD - RAWMATEIRAL             [253]","Lean","",""
"ELGI-HO","'035305355","SUB-ASSY AOS TANK - PG 850-15","SU1E00451","ELGI EQUIPMENTS LIMITED - PVD ","R00   ","1","84149019","03-NOV-2025","06-MAR-2026","938657","230334552","DPSAC - RM WAREHOUSE           [212]","Non-lean","","MAR-26"
"ELGI-HO","'035301161","RECIEVER TANK","SU1E00451","ELGI EQUIPMENTS LIMITED - PVD ","R01   ","2","73110090","03-NOV-2025","06-MAR-2026","938508","230334552","DPSAC - RM WAREHOUSE           [212]","Non-lean","","MAR-26"
"ELGI-HO","'035305784","SUB-ASSY AOS TANK - PG 850S-2","SU1E00451","ELGI EQUIPMENTS LIMITED - PVD ","R02   ","7","84149019","01-OCT-2025","06-JAN-2026","923157","230334552","DPSAC - RM WAREHOUSE           [212]","Non-lean","401245960","JAN-26"
"ELGI-HO","'035305542","AOS TANK PG1200-500","SU1E00451","ELGI EQUIPMENTS LIMITED - PVD ","R02   ","6","73110090","03-NOV-2025","06-FEB-2026","938080","230334552","DPSAC - RM WAREHOUSE           [212]","Non-lean","","FEB-26"
"ELGI-HO","'035304725","SEPARATOR TANK SUBASSY-PG1200","SU1E00451","ELGI EQUIPMENTS LIMITED - PVD ","R00   ","1","73110090","08-OCT-2025","06-FEB-2026","925790","230334552","DPSAC - RM WAREHOUSE           [212]","Non-lean","","FEB-26"
"ELGI-HO","'015318047","AOS TANK EG22 - U STAMP","SU1E00451","ELGI EQUIPMENTS LIMITED - PVD ","R00   ","1","73110090","06-DEC-2025","06-FEB-2026","965620","230334554","ROCD - RAWMATEIRAL             [253]","Non-lean","","FEB-26"
"ELGI-HO","'035301161","RECIEVER TANK","SU1E00451","ELGI EQUIPMENTS LIMITED - PVD ","R01   ","1","73110090","03-NOV-2025","06-FEB-2026","937928","230334552","DPSAC - RM WAREHOUSE           [212]","Non-lean","","FEB-26"
"ELGI-HO","'035305784","SUB-ASSY AOS TANK - PG 850S-2","SU1E00451","ELGI EQUIPMENTS LIMITED - PVD ","R02   ","7","84149019","03-NOV-2025","06-FEB-2026","938105","230334552","DPSAC - RM WAREHOUSE           [212]","Non-lean","","FEB-26"
"ELGI-HO","'015314209","AIR RECEIVER TANK 270_V3 SPVD","SU1E00451","ELGI EQUIPMENTS LIMITED - PVD ","R03   ","1","73110090","03-DEC-2025","05-DEC-2025","1747366","AAC015012","ROCD - RAWMATEIRAL             [253]","Lean","",""
"ELGI-HO","'020378910","AIR RECEIVER 420L SS10 M","SU1E00451","ELGI EQUIPMENTS LIMITED - PVD ","R03   ","1","73110090","02-DEC-2025","05-DEC-2025","1745937","ARC015039","RCD - RAWMATEIRAL              [353]","Lean","",""
"ELGI-HO","'015315218","AIR RECEIVER TANK 500L V3 ASME","SU1E00451","ELGI EQUIPMENTS LIMITED - PVD ","R02   ","1","73:11:00.90","03-NOV-2025","05-DEC-2025","937156","230334553","F.G TRADED PARTS - ROCD        [246]","Non-lean","","DEC-25"
"ELGI-HO","'020378910","AIR RECEIVER 420L SS10 M","SU1E00451","ELGI EQUIPMENTS LIMITED - PVD ","R03   ","1","73110090","02-DEC-2025","05-DEC-2025","1745936","ARC015039","RCD - RAWMATEIRAL              [353]","Lean","",""
"ELGI-HO","'015315217","AIR RECEIVER TANK 500L V3 SPVD","SU1E00451","ELGI EQUIPMENTS LIMITED - PVD ","R03   ","1","73110090","02-DEC-2025","04-DEC-2025","1744659","AAC015012","F.G TRADED PARTS - ROCD        [246]","Lean","",""
"ELGI-HO","'015315217","AIR RECEIVER TANK 500L V3 SPVD","SU1E00451","ELGI EQUIPMENTS LIMITED - PVD ","R03   ","1","73110090","02-DEC-2025","04-DEC-2025","1744658","AAC015012","F.G TRADED PARTS - ROCD        [246]","Lean","",""
"ELGI-HO","'015315217","AIR RECEIVER TANK 500L V3 SPVD","SU1E00451","ELGI EQUIPMENTS LIMITED - PVD ","R03   ","1","73110090","02-DEC-2025","04-DEC-2025","1744661","AAC015012","F.G TRADED PARTS - ROCD        [246]","Lean","",""
"ELGI-HO","'015315217","AIR RECEIVER TANK 500L V3 SPVD","SU1E00451","ELGI EQUIPMENTS LIMITED - PVD ","R03   ","1","73110090","02-DEC-2025","04-DEC-2025","1744660","AAC015012","F.G TRADED PARTS - ROCD        [246]","Lean","",""
"ELGI-HO","'035305784","SUB-ASSY AOS TANK - PG 850S-2","SU1E00451","ELGI EQUIPMENTS LIMITED - PVD ","R02   ","7","84149019","03-NOV-2025","03-MAR-2026","938696","230334552","DPSAC - RM WAREHOUSE           [212]","Non-lean","","MAR-26"
"ELGI-HO","'015315217","AIR RECEIVER TANK 500L V3 SPVD","SU1E00451","ELGI EQUIPMENTS LIMITED - PVD ","R03   ","1","73110090","01-DEC-2025","03-DEC-2025","1743077","AAC015012","F.G TRADED PARTS - ROCD        [246]","Lean","",""
"ELGI-HO","'035305784","SUB-ASSY AOS TANK - PG 850S-2","SU1E00451","ELGI EQUIPMENTS LIMITED - PVD ","R02   ","1","84149019","28-NOV-2025","03-DEC-2025","961497","230334552","DPSAC - RM WAREHOUSE           [212]","Non-lean","401656557","DEC-25"
"ELGI-HO","'015315217","AIR RECEIVER TANK 500L V3 SPVD","SU1E00451","ELGI EQUIPMENTS LIMITED - PVD ","R03   ","1","73110090","01-DEC-2025","03-DEC-2025","1743073","AAC015012","F.G TRADED PARTS - ROCD        [246]","Lean","",""
"ELGI-HO","'035305784","SUB-ASSY AOS TANK - PG 850S-2","SU1E00451","ELGI EQUIPMENTS LIMITED - PVD ","R02   ","1","84149019","28-NOV-2025","03-DEC-2025","961497","230334552","DPSAC - RM WAREHOUSE           [212]","Non-lean","401654168","DEC-25"
"ELGI-HO","'035305784","SUB-ASSY AOS TANK - PG 850S-2","SU1E00451","ELGI EQUIPMENTS LIMITED - PVD ","R02   ","1","84149019","28-NOV-2025","03-DEC-2025","961497","230334552","DPSAC - RM WAREHOUSE           [212]","Non-lean","401652373","DEC-25"
"ELGI-HO","'015314866","AIR RECEIVER 270L V3 ASME","SU1E00451","ELGI EQUIPMENTS LIMITED - PVD ","R02   ","1","73110090","28-NOV-2025","03-DEC-2025","958863","230331980","F.G TRADED PARTS - ROCD        [246]","Non-lean","","NOV-25"
"ELGI-HO","'015315217","AIR RECEIVER TANK 500L V3 SPVD","SU1E00451","ELGI EQUIPMENTS LIMITED - PVD ","R03   ","1","73110090","01-DEC-2025","03-DEC-2025","1743075","AAC015012","F.G TRADED PARTS - ROCD        [246]","Lean","",""
"ELGI-HO","'015314866","AIR RECEIVER 270L V3 ASME","SU1E00451","ELGI EQUIPMENTS LIMITED - PVD ","R02   ","3","73110090","28-NOV-2025","03-DEC-2025","960890","230331980","F.G TRADED PARTS - ROCD        [246]","Non-lean","","DEC-25"
"ELGI-HO","'015315217","AIR RECEIVER TANK 500L V3 SPVD","SU1E00451","ELGI EQUIPMENTS LIMITED - PVD ","R03   ","1","73110090","01-DEC-2025","03-DEC-2025","1743074","AAC015012","F.G TRADED PARTS - ROCD        [246]","Lean","",""
"ELGI-HO","'015315218","AIR RECEIVER TANK 500L V3 ASME","SU1E00451","ELGI EQUIPMENTS LIMITED - PVD ","R02   ","3","73:11:00.90","28-NOV-2025","03-DEC-2025","960891","230334553","F.G TRADED PARTS - ROCD        [246]","Non-lean","","DEC-25"
"ELGI-HO","'015315217","AIR RECEIVER TANK 500L V3 SPVD","SU1E00451","ELGI EQUIPMENTS LIMITED - PVD ","R03   ","1","73110090","01-DEC-2025","03-DEC-2025","1743076","AAC015012","F.G TRADED PARTS - ROCD        [246]","Lean","",""
"ELGI-HO","'035305784","SUB-ASSY AOS TANK - PG 850S-2","SU1E00451","ELGI EQUIPMENTS LIMITED - PVD ","R02   ","1","84149019","28-NOV-2025","03-DEC-2025","961497","230334552","DPSAC - RM WAREHOUSE           [212]","Non-lean","401650023","DEC-25"
"ELGI-HO","'035305542","AOS TANK PG1200-500","SU1E00451","ELGI EQUIPMENTS LIMITED - PVD ","R02   ","6","73110090","28-NOV-2025","03-DEC-2025","961468","230334552","DPSAC - RM WAREHOUSE           [212]","Non-lean","","DEC-25"
"ELGI-HO","'035305355","SUB-ASSY AOS TANK - PG 850-15","SU1E00451","ELGI EQUIPMENTS LIMITED - PVD ","R00   ","1","84149019","08-NOV-2025","03-APR-2026","945239","230334552","DPSAC - RM WAREHOUSE           [212]","Non-lean","","APR-26"
"ELGI-HO","'035301161","RECIEVER TANK","SU1E00451","ELGI EQUIPMENTS LIMITED - PVD ","R01   ","3","73110090","08-DEC-2025","03-APR-2026","966591","230334552","DPSAC - RM WAREHOUSE           [212]","Non-lean","","APR-26"
"ELGI-HO","'035305784","SUB-ASSY AOS TANK - PG 850S-2","SU1E00451","ELGI EQUIPMENTS LIMITED - PVD ","R02   ","7","84149019","08-NOV-2025","03-APR-2026","945275","230334552","DPSAC - RM WAREHOUSE           [212]","Non-lean","","APR-26"
"ELGI-HO","'035305370","AOS TANK INTL-PG 1250","SU1E00451","ELGI EQUIPMENTS LIMITED - PVD ","R00   ","2","84149019","08-NOV-2025","03-APR-2026","945242","230334552","DPSAC - RM WAREHOUSE           [212]","Non-lean","","APR-26"
"ELGI-HO","'035305370","AOS TANK INTL-PG 1250","SU1E00451","ELGI EQUIPMENTS LIMITED - PVD ","R00   ","1","84149019","29-NOV-2025","03-APR-2026","963368","230334552","DPSAC - RM WAREHOUSE           [212]","Non-lean","","APR-26"
"ELGI-HO","'035305542","AOS TANK PG1200-500","SU1E00451","ELGI EQUIPMENTS LIMITED - PVD ","R02   ","2","73110090","15-NOV-2025","02-MAR-2026","953846","230334552","DPSAC - RM WAREHOUSE           [212]","Non-lean","","MAR-26"
"ELGI-HO","'035305370","AOS TANK INTL-PG 1250","SU1E00451","ELGI EQUIPMENTS LIMITED - PVD ","R00   ","2","84149019","08-DEC-2025","02-MAR-2026","966457","230334552","DPSAC - RM WAREHOUSE           [212]","Non-lean","","MAR-26"
"ELGI-HO","'035305370","AOS TANK INTL-PG 1250","SU1E00451","ELGI EQUIPMENTS LIMITED - PVD ","R00   ","5","84149019","03-NOV-2025","02-MAR-2026","938661","230334552","DPSAC - RM WAREHOUSE           [212]","Non-lean","","MAR-26"
"ELGI-HO","'035305542","AOS TANK PG1200-500","SU1E00451","ELGI EQUIPMENTS LIMITED - PVD ","R02   ","8","73110090","03-NOV-2025","02-MAR-2026","938666","230334552","DPSAC - RM WAREHOUSE           [212]","Non-lean","","MAR-26"
"ELGI-HO","'035305355","SUB-ASSY AOS TANK - PG 850-15","SU1E00451","ELGI EQUIPMENTS LIMITED - PVD ","R00   ","1","84149019","07-NOV-2025","02-MAR-2026","944351","230334552","DPSAC - RM WAREHOUSE           [212]","Non-lean","","MAR-26"
"ELGI-HO","'035303968","SEPARATOR TANK ASSY GRP 2A","SU1E00451","ELGI EQUIPMENTS LIMITED - PVD ","R03   ","2","73110090","03-DEC-2025","02-JAN-2026","964712","230334554","ROCD - RAWMATEIRAL             [253]","Non-lean","","JAN-26"
"ELGI-HO","'035301161","RECIEVER TANK","SU1E00451","ELGI EQUIPMENTS LIMITED - PVD ","R01   ","1","73110090","01-OCT-2025","02-JAN-2026","922959","230334552","DPSAC - RM WAREHOUSE           [212]","Non-lean","","JAN-26"
"ELGI-HO","'035304725","SEPARATOR TANK SUBASSY-PG1200","SU1E00451","ELGI EQUIPMENTS LIMITED - PVD ","R00   ","1","73110090","03-NOV-2025","02-JAN-2026","937625","230334552","DPSAC - RM WAREHOUSE           [212]","Non-lean","","JAN-26"
"ELGI-HO","'035305542","AOS TANK PG1200-500","SU1E00451","ELGI EQUIPMENTS LIMITED - PVD ","R02   ","5","73110090","01-OCT-2025","02-JAN-2026","923128","230334552","DPSAC - RM WAREHOUSE           [212]","Non-lean","","JAN-26"
"ELGI-HO","'015314866","AIR RECEIVER 270L V3 ASME","SU1E00451","ELGI EQUIPMENTS LIMITED - PVD ","R02   ","1","73110090","06-DEC-2025","02-JAN-2026","965458","230334461","F.G TRADED PARTS - ROCD        [246]","Non-lean","","JAN-26"
"ELGI-HO","'035305370","AOS TANK INTL-PG 1250","SU1E00451","ELGI EQUIPMENTS LIMITED - PVD ","R00   ","6","84149019","01-OCT-2025","02-JAN-2026","923119","230334552","DPSAC - RM WAREHOUSE           [212]","Non-lean","","JAN-26"
"ELGI-HO","'035305370","AOS TANK INTL-PG 1250","SU1E00451","ELGI EQUIPMENTS LIMITED - PVD ","R00   ","2","84149019","08-DEC-2025","02-FEB-2026","966344","230334552","DPSAC - RM WAREHOUSE           [212]","Non-lean","","FEB-26"
"ELGI-HO","'035301161","RECIEVER TANK","SU1E00451","ELGI EQUIPMENTS LIMITED - PVD ","R01   ","1","73110090","13-NOV-2025","02-FEB-2026","947160","230334552","DPSAC - RM WAREHOUSE           [212]","Non-lean","","FEB-26"
"ELGI-HO","'035305542","AOS TANK PG1200-500","SU1E00451","ELGI EQUIPMENTS LIMITED - PVD ","R02   ","2","73110090","08-OCT-2025","02-FEB-2026","925858","230334552","DPSAC - RM WAREHOUSE           [212]","Non-lean","","FEB-26"
"ELGI-HO","'035305370","AOS TANK INTL-PG 1250","SU1E00451","ELGI EQUIPMENTS LIMITED - PVD ","R00   ","5","84149019","03-NOV-2025","02-FEB-2026","938075","230334552","DPSAC - RM WAREHOUSE           [212]","Non-lean","","FEB-26"
"ELGI-HO","'035305370","AOS TANK INTL-PG 1250","SU1E00451","ELGI EQUIPMENTS LIMITED - PVD ","R00   ","1","84149019","13-DEC-2025","02-FEB-2026","967900","230334690","DPSAC - RM WAREHOUSE           [212]","Non-lean","","FEB-26"
"ELGI-HO","'035304725","SEPARATOR TANK SUBASSY-PG1200","SU1E00451","ELGI EQUIPMENTS LIMITED - PVD ","R00   ","1","73110090","03-NOV-2025","02-FEB-2026","938014","230334552","DPSAC - RM WAREHOUSE           [212]","Non-lean","","FEB-26"
"ELGI-HO","'015315217","AIR RECEIVER TANK 500L V3 SPVD","SU1E00451","ELGI EQUIPMENTS LIMITED - PVD ","R03   ","1","73110090","29-NOV-2025","02-DEC-2025","1742822","AAC015012","F.G TRADED PARTS - ROCD        [246]","Lean","",""
"ELGI-HO","'015314209","AIR RECEIVER TANK 270_V3 SPVD","SU1E00451","ELGI EQUIPMENTS LIMITED - PVD ","R03   ","1","73110090","29-NOV-2025","02-DEC-2025","1742815","AAC015012","ROCD - RAWMATEIRAL             [253]","Lean","",""
"ELGI-HO","'015315217","AIR RECEIVER TANK 500L V3 SPVD","SU1E00451","ELGI EQUIPMENTS LIMITED - PVD ","R03   ","1","73110090","29-NOV-2025","02-DEC-2025","1742820","AAC015012","F.G TRADED PARTS - ROCD        [246]","Lean","",""
"ELGI-HO","'015315217","AIR RECEIVER TANK 500L V3 SPVD","SU1E00451","ELGI EQUIPMENTS LIMITED - PVD ","R03   ","1","73110090","28-NOV-2025","02-DEC-2025","1741687","AAC015012","F.G TRADED PARTS - ROCD        [246]","Lean","",""
"ELGI-HO","'015315217","AIR RECEIVER TANK 500L V3 SPVD","SU1E00451","ELGI EQUIPMENTS LIMITED - PVD ","R03   ","1","73110090","28-NOV-2025","02-DEC-2025","1741688","AAC015012","F.G TRADED PARTS - ROCD        [246]","Lean","",""
"ELGI-HO","'037-05682-S","SEPARATOR TANK -ROTAIR 182-102","SU1E00451","ELGI EQUIPMENTS LIMITED - PVD ","R02   ","3","73110090","27-NOV-2025","02-DEC-2025","957975","700007289","ROTAIR INTEGRATION STORES [R53]","Non-lean","","NOV-25"
"ELGI-HO","'015314209","AIR RECEIVER TANK 270_V3 SPVD","SU1E00451","ELGI EQUIPMENTS LIMITED - PVD ","R03   ","1","73110090","29-NOV-2025","02-DEC-2025","1742812","AAC015012","ROCD - RAWMATEIRAL             [253]","Lean","",""
"ELGI-HO","'015315217","AIR RECEIVER TANK 500L V3 SPVD","SU1E00451","ELGI EQUIPMENTS LIMITED - PVD ","R03   ","1","73110090","29-NOV-2025","02-DEC-2025","1742821","AAC015012","F.G TRADED PARTS - ROCD        [246]","Lean","",""
"ELGI-HO","'015315217","AIR RECEIVER TANK 500L V3 SPVD","SU1E00451","ELGI EQUIPMENTS LIMITED - PVD ","R03   ","1","73110090","28-NOV-2025","02-DEC-2025","1741690","AAC015012","F.G TRADED PARTS - ROCD        [246]","Lean","",""
"ELGI-HO","'015314209","AIR RECEIVER TANK 270_V3 SPVD","SU1E00451","ELGI EQUIPMENTS LIMITED - PVD ","R03   ","1","73110090","28-NOV-2025","02-DEC-2025","1741685","AAC015012","ROCD - RAWMATEIRAL             [253]","Lean","",""
"ELGI-HO","'015315217","AIR RECEIVER TANK 500L V3 SPVD","SU1E00451","ELGI EQUIPMENTS LIMITED - PVD ","R03   ","1","73110090","28-NOV-2025","02-DEC-2025","1741686","AAC015012","F.G TRADED PARTS - ROCD        [246]","Lean","",""
"ELGI-HO","'015315217","AIR RECEIVER TANK 500L V3 SPVD","SU1E00451","ELGI EQUIPMENTS LIMITED - PVD ","R03   ","1","73110090","28-NOV-2025","02-DEC-2025","1741691","AAC015012","F.G TRADED PARTS - ROCD        [246]","Lean","",""
"ELGI-HO","'015314209","AIR RECEIVER TANK 270_V3 SPVD","SU1E00451","ELGI EQUIPMENTS LIMITED - PVD ","R03   ","1","73110090","29-NOV-2025","02-DEC-2025","1742808","AAC015012","ROCD - RAWMATEIRAL             [253]","Lean","",""
"ELGI-HO","'015315217","AIR RECEIVER TANK 500L V3 SPVD","SU1E00451","ELGI EQUIPMENTS LIMITED - PVD ","R03   ","1","73110090","29-NOV-2025","02-DEC-2025","1742823","AAC015012","F.G TRADED PARTS - ROCD        [246]","Lean","",""
"ELGI-HO","'015314209","AIR RECEIVER TANK 270_V3 SPVD","SU1E00451","ELGI EQUIPMENTS LIMITED - PVD ","R03   ","1","73110090","29-NOV-2025","02-DEC-2025","1742818","AAC015012","ROCD - RAWMATEIRAL             [253]","Lean","",""
"ELGI-HO","'015314209","AIR RECEIVER TANK 270_V3 SPVD","SU1E00451","ELGI EQUIPMENTS LIMITED - PVD ","R03   ","1","73110090","29-NOV-2025","02-DEC-2025","1742816","AAC015012","ROCD - RAWMATEIRAL             [253]","Lean","",""
"ELGI-HO","'015314209","AIR RECEIVER TANK 270_V3 SPVD","SU1E00451","ELGI EQUIPMENTS LIMITED - PVD ","R03   ","1","73110090","29-NOV-2025","02-DEC-2025","1742819","AAC015012","ROCD - RAWMATEIRAL             [253]","Lean","",""
"ELGI-HO","'015314209","AIR RECEIVER TANK 270_V3 SPVD","SU1E00451","ELGI EQUIPMENTS LIMITED - PVD ","R03   ","1","73110090","29-NOV-2025","02-DEC-2025","1742817","AAC015012","ROCD - RAWMATEIRAL             [253]","Lean","",""
"ELGI-HO","'015314209","AIR RECEIVER TANK 270_V3 SPVD","SU1E00451","ELGI EQUIPMENTS LIMITED - PVD ","R03   ","1","73110090","28-NOV-2025","02-DEC-2025","1741684","AAC015012","ROCD - RAWMATEIRAL             [253]","Lean","",""
"ELGI-HO","'015314209","AIR RECEIVER TANK 270_V3 SPVD","SU1E00451","ELGI EQUIPMENTS LIMITED - PVD ","R03   ","1","73110090","29-NOV-2025","02-DEC-2025","1742810","AAC015012","ROCD - RAWMATEIRAL             [253]","Lean","",""
"ELGI-HO","'015314209","AIR RECEIVER TANK 270_V3 SPVD","SU1E00451","ELGI EQUIPMENTS LIMITED - PVD ","R03   ","1","73110090","29-NOV-2025","02-DEC-2025","1742811","AAC015012","ROCD - RAWMATEIRAL             [253]","Lean","",""
"ELGI-HO","'015314209","AIR RECEIVER TANK 270_V3 SPVD","SU1E00451","ELGI EQUIPMENTS LIMITED - PVD ","R03   ","1","73110090","29-NOV-2025","02-DEC-2025","1742813","AAC015012","ROCD - RAWMATEIRAL             [253]","Lean","",""
"ELGI-HO","'015314209","AIR RECEIVER TANK 270_V3 SPVD","SU1E00451","ELGI EQUIPMENTS LIMITED - PVD ","R03   ","1","73110090","28-NOV-2025","02-DEC-2025","1741683","AAC015012","ROCD - RAWMATEIRAL             [253]","Lean","",""
"ELGI-HO","'015315217","AIR RECEIVER TANK 500L V3 SPVD","SU1E00451","ELGI EQUIPMENTS LIMITED - PVD ","R03   ","1","73110090","28-NOV-2025","02-DEC-2025","1741689","AAC015012","F.G TRADED PARTS - ROCD        [246]","Lean","",""
"ELGI-HO","'015314209","AIR RECEIVER TANK 270_V3 SPVD","SU1E00451","ELGI EQUIPMENTS LIMITED - PVD ","R03   ","1","73110090","29-NOV-2025","02-DEC-2025","1742809","AAC015012","ROCD - RAWMATEIRAL             [253]","Lean","",""
"ELGI-HO","'015315217","AIR RECEIVER TANK 500L V3 SPVD","SU1E00451","ELGI EQUIPMENTS LIMITED - PVD ","R03   ","1","73110090","28-NOV-2025","02-DEC-2025","1741692","AAC015012","F.G TRADED PARTS - ROCD        [246]","Lean","",""
"ELGI-HO","'015314209","AIR RECEIVER TANK 270_V3 SPVD","SU1E00451","ELGI EQUIPMENTS LIMITED - PVD ","R03   ","1","73110090","29-NOV-2025","02-DEC-2025","1742814","AAC015012","ROCD - RAWMATEIRAL             [253]","Lean","",""
"ELGI-HO","'015402651","OIL FILL PLUG - 1INCH BSP","SU1E00451","ELGI EQUIPMENTS LIMITED - PVD ","R02   ","17","84149019","08-DEC-2025","01-JAN-2026","966241","230333940","F.G TRADED PARTS - ROCD        [246]","Non-lean","","JAN-26"
"ELGI-HO","'015402651","OIL FILL PLUG - 1INCH BSP","SU1E00451","ELGI EQUIPMENTS LIMITED - PVD ","R02   ","14","84149019","17-NOV-2025","01-JAN-2026","954753","230330066","F.G TRADED PARTS - ROCD        [246]","Non-lean","","JAN-26"
"ELGI-HO","'020376420","REC AIR 500L TS10 DCI","SU1E00451","ELGI EQUIPMENTS LIMITED - PVD ","R05   ","1","73110090","14-DEC-2025","01-JAN-2026","968518","         ","","Non-lean","","JAN-26"
"ELGI-HO","'015402651","OIL FILL PLUG - 1INCH BSP","SU1E00451","ELGI EQUIPMENTS LIMITED - PVD ","R02   ","1","84149019","04-DEC-2025","01-JAN-2026","965112","230333314","F.G TRADED PARTS - ROCD        [246]","Non-lean","","JAN-26"
"ELGI-HO","'035305370","AOS TANK INTL-PG 1250","SU1E00451","ELGI EQUIPMENTS LIMITED - PVD ","R00   ","1","84149019","02-DEC-2025","01-JAN-2026","964261","230334552","DPSAC - RM WAREHOUSE           [212]","Non-lean","","JAN-26"
"ELGI-HO","'035303968","SEPARATOR TANK ASSY GRP 2A","SU1E00451","ELGI EQUIPMENTS LIMITED - PVD ","R03   ","2","73110090","25-NOV-2025","01-JAN-2026","957594","230334554","ROCD - RAWMATEIRAL             [253]","Non-lean","","JAN-26"
"ELGI-HO","'035305542","AOS TANK PG1200-500","SU1E00451","ELGI EQUIPMENTS LIMITED - PVD ","R02   ","1","73110090","25-NOV-2025","01-JAN-2026","957604","230334552","DPSAC - RM WAREHOUSE           [212]","Non-lean","","JAN-26"
"ELGI-HO","'015402651","OIL FILL PLUG - 1INCH BSP","SU1E00451","ELGI EQUIPMENTS LIMITED - PVD ","R02   ","1","84149019","13-DEC-2025","01-JAN-2026","967651","230334691","F.G TRADED PARTS - ROCD        [246]","Non-lean","","JAN-26"
"ELGI-HO","'035305370","AOS TANK INTL-PG 1250","SU1E00451","ELGI EQUIPMENTS LIMITED - PVD ","R00   ","2","84149019","03-NOV-2025","01-JAN-2026","937696","230334552","DPSAC - RM WAREHOUSE           [212]","Non-lean","","JAN-26"
"ELGI-HO","'015402651","OIL FILL PLUG - 1INCH BSP","SU1E00451","ELGI EQUIPMENTS LIMITED - PVD ","R02   ","15","84149019","06-DEC-2025","01-JAN-2026","965469","230333603","F.G TRADED PARTS - ROCD        [246]","Non-lean","","JAN-26"
"ELGI-HO","'035301161","RECIEVER TANK","SU1E00451","ELGI EQUIPMENTS LIMITED - PVD ","R01   ","1","73110090","13-NOV-2025","01-JAN-2026","947020","230334552","DPSAC - RM WAREHOUSE           [212]","Non-lean","","JAN-26"
"ELGI-HO","'035301161","RECIEVER TANK","SU1E00451","ELGI EQUIPMENTS LIMITED - PVD ","R01   ","2","73110090","02-DEC-2025","01-JAN-2026","964223","230334552","DPSAC - RM WAREHOUSE           [212]","Non-lean","","JAN-26"
"ELGI-HO","'015314866","AIR RECEIVER 270L V3 ASME","SU1E00451","ELGI EQUIPMENTS LIMITED - PVD ","R02   ","1","73110090","13-DEC-2025","01-JAN-2026","967647","230334691","F.G TRADED PARTS - ROCD        [246]","Non-lean","","JAN-26"
"ELGI-HO","'015315218","AIR RECEIVER TANK 500L V3 ASME","SU1E00451","ELGI EQUIPMENTS LIMITED - PVD ","R02   ","1","73:11:00.90","25-NOV-2025","01-DEC-2025","957230","230334553","F.G TRADED PARTS - ROCD        [246]","Non-lean","","OCT-25"
"ELGI-HO","'035305370","AOS TANK INTL-PG 1250","SU1E00451","ELGI EQUIPMENTS LIMITED - PVD ","R00   ","1","84149019","15-NOV-2025","01-DEC-2025","952483","230334552","DPSAC - RM WAREHOUSE           [212]","Non-lean","401648650","NOV-25"
"ELGI-HO","'035305370","AOS TANK INTL-PG 1250","SU1E00451","ELGI EQUIPMENTS LIMITED - PVD ","R00   ","1","84149019","15-NOV-2025","01-DEC-2025","952483","230334552","DPSAC - RM WAREHOUSE           [212]","Non-lean","401653294","NOV-25"
"ELGI-HO","'035305370","AOS TANK INTL-PG 1250","SU1E00451","ELGI EQUIPMENTS LIMITED - PVD ","R00   ","1","84149019","15-NOV-2025","01-DEC-2025","952483","230334552","DPSAC - RM WAREHOUSE           [212]","Non-lean","401658303","NOV-25"
"ELGI-HO","'037-056825-S","AOS Tank Rotair-182-103-U-ASME","SU1E00451","ELGI EQUIPMENTS LIMITED - PVD ","R03   ","14","73110090","17-NOV-2025","01-DEC-2025","954707","700007313","ROTAIR INTEGRATION STORES [R53]","Non-lean","401650808","DEC-25"
"ELGI-HO","'037-056825-S","AOS Tank Rotair-182-103-U-ASME","SU1E00451","ELGI EQUIPMENTS LIMITED - PVD ","R03   ","14","73110090","17-NOV-2025","01-DEC-2025","954707","700007313","ROTAIR INTEGRATION STORES [R53]","Non-lean","401655415","DEC-25"
"ELGI-HO","'035305370","AOS TANK INTL-PG 1250","SU1E00451","ELGI EQUIPMENTS LIMITED - PVD ","R00   ","1","84149019","15-NOV-2025","01-DEC-2025","952483","230334552","DPSAC - RM WAREHOUSE           [212]","Non-lean","401655736","NOV-25"
"ELGI-HO","'035305370","AOS TANK INTL-PG 1250","SU1E00451","ELGI EQUIPMENTS LIMITED - PVD ","R00   ","1","84149019","15-NOV-2025","01-DEC-2025","952483","230334552","DPSAC - RM WAREHOUSE           [212]","Non-lean","401655339","NOV-25"
"ELGI-HO","'035305370","AOS TANK INTL-PG 1250","SU1E00451","ELGI EQUIPMENTS LIMITED - PVD ","R00   ","1","84149019","15-NOV-2025","01-DEC-2025","952483","230334552","DPSAC - RM WAREHOUSE           [212]","Non-lean","401654789","NOV-25"
"ELGI-HO","'035305370","AOS TANK INTL-PG 1250","SU1E00451","ELGI EQUIPMENTS LIMITED - PVD ","R00   ","1","84149019","15-NOV-2025","01-DEC-2025","952483","230334552","DPSAC - RM WAREHOUSE           [212]","Non-lean","401650068","NOV-25"
"ELGI-HO","'037-056825-S","AOS Tank Rotair-182-103-U-ASME","SU1E00451","ELGI EQUIPMENTS LIMITED - PVD ","R03   ","14","73110090","17-NOV-2025","01-DEC-2025","954707","700007313","ROTAIR INTEGRATION STORES [R53]","Non-lean","401654320","DEC-25"
"ELGI-HO","'035304725","SEPARATOR TANK SUBASSY-PG1200","SU1E00451","ELGI EQUIPMENTS LIMITED - PVD ","R00   ","1","73110090","08-DEC-2025","01-APR-2026","966668","230334552","DPSAC - RM WAREHOUSE           [212]","Non-lean","","APR-26"
"ELGI-HO","'035305370","AOS TANK INTL-PG 1250","SU1E00451","ELGI EQUIPMENTS LIMITED - PVD ","R00   ","2","84149019","08-DEC-2025","01-APR-2026","966677","230334552","DPSAC - RM WAREHOUSE           [212]","Non-lean","","APR-26"
"ELGI-HO","'035305428","AOS TANK INTL","SU1E00451","ELGI EQUIPMENTS LIMITED - PVD ","R00   ","2","84149019","08-DEC-2025","01-APR-2026","966679","230334552","DPSAC - RM WAREHOUSE           [212]","Non-lean","","APR-26"
"ELGI-HO","'035305542","AOS TANK PG1200-500","SU1E00451","ELGI EQUIPMENTS LIMITED - PVD ","R02   ","6","73110090","08-NOV-2025","01-APR-2026","945246","230334552","DPSAC - RM WAREHOUSE           [212]","Non-lean","","APR-26"
"ELGI-HO","'035305428","AOS TANK INTL","SU1E00451","ELGI EQUIPMENTS LIMITED - PVD ","R00   ","3","84149019","13-NOV-2025","01-APR-2026","947842","230334552","DPSAC - RM WAREHOUSE           [212]","Non-lean","","APR-26"
"ELGI-HO","'035305370","AOS TANK INTL-PG 1250","SU1E00451","ELGI EQUIPMENTS LIMITED - PVD ","R00   ","1","84149019","03-DEC-2025","01-APR-2026","964936","230334552","DPSAC - RM WAREHOUSE           [212]","Non-lean","","APR-26"
"ELGI-HO","'035305542","AOS TANK PG1200-500","SU1E00451","ELGI EQUIPMENTS LIMITED - PVD ","R02   ","3","73110090","08-DEC-2025","01-APR-2026","966682","230334552","DPSAC - RM WAREHOUSE           [212]","Non-lean","","APR-26"
